landscape_id,split,stratum,horizon,log_horizon,C_endpoint_l1,C_max_path_l1,p0_id,reward_id,mutation_id,clean_terminal,clean_boundary_min_probability,clean_boundary_pressure,selection_log_factor_spread_per_step,inferred_initial_boundary_min_probability,clean_log_odds_linear_max_abs_error
S01,source,regular-sensitivity,1,0.0,0.447295975280539,0.447295975280539,mixed,dominant_a,uniform_off_diagonal,"[0.21326792289706445,0.3043000853427558,0.48243199176017965]",0.21326792289706445,1.5452060497314315,0.10000000000000003,0.2000000000000001,1.1102230246251565e-15
S01,source,regular-sensitivity,5,1.6094379124341003,1.7057443238824315,1.7057443238824315,mixed,dominant_a,uniform_off_diagonal,"[0.2714051970286356,0.3170558699633255,0.41153893300803884]",0.2714051970286356,1.3041423828014223,0.10000000000000003,0.2000000000000001,1.1102230246251565e-15
S01,source,regular-sensitivity,20,2.995732273553991,1.6178839578693451,2.0431125069523084,mixed,dominant_a,uniform_off_diagonal,"[0.52905647749322,0.2919435019325063,0.17900002057427372]",0.17900002057427372,1.720369358201312,0.10000000000000003,0.2000000000000001,1.1102230246251565e-15
S01,source,regular-sensitivity,50,3.912023005428146,21.689411307414396,21.689411307414396,mixed,dominant_a,uniform_off_diagonal,"[0.8772142468731454,0.10800919537116982,0.014776557755684781]",0.014776557755684781,4.2147132893906845,0.10000000000000003,0.2000000000000001,1.1102230246251565e-15
S02,source,regular-sensitivity,1,0.0,0.01254900895379285,0.01254900895379285,balanced,dominant_b,forward_cycle,"[0.32224807772203845,0.34734609562962415,0.3304058266483374]",0.32224807772203845,1.1324336023566182,0.07500000000000004,0.3333333333333333,2.983724378680108e-16
S02,source,regular-sensitivity,5,1.6094379124341003,0.19365382852136104,0.19365382852136104,balanced,dominant_b,forward_cycle,"[0.27869593630004535,0.4055001946055472,0.3158038690944073]",0.27869593630004535,1.2776339255117486,0.07500000000000004,0.3333333333333333,2.983724378680108e-16
S02,source,regular-sensitivity,20,2.995732273553991,2.5537390387812984,2.5537390387812984,balanced,dominant_b,forward_cycle,"[0.14024438316608837,0.6285317192117627,0.2312238976221491]",0.14024438316608837,1.9643687841079458,0.07500000000000004,0.3333333333333333,2.983724378680108e-16
S02,source,regular-sensitivity,50,3.912023005428146,8.127397814572994,8.127397814572994,balanced,dominant_b,forward_cycle,"[0.021271424997296076,0.9044840065682137,0.07424456843449029]",0.021271424997296076,3.8503906563725345,0.07500000000000004,0.3333333333333333,2.983724378680108e-16
S03,source,regular-sensitivity,1,0.0,0.736128431726147,0.736128431726147,skew_a,weak,uniform_mix,"[0.7013975491964067,0.19939980409302516,0.09920264671056807]",0.09920264671056807,2.310590584497148,0.00999999999999991,0.09999999999999996,4.440892098500626e-16
S03,source,regular-sensitivity,5,1.6094379124341003,3.680524581586109,3.680524581586109,skew_a,weak,uniform_mix,"[0.7069386560313311,0.19699550812095584,0.09606583584771308]",0.09606583584771308,2.342721532480518,0.00999999999999991,0.09999999999999996,4.440892098500626e-16
S03,source,regular-sensitivity,20,2.995732273553991,14.686808254627987,14.686808254627987,skew_a,weak,uniform_mix,"[0.7270154892403149,0.18795166233038774,0.08503284842929734]",0.08503284842929734,2.4647176450358237,0.00999999999999991,0.09999999999999996,4.440892098500626e-16
S03,source,regular-sensitivity,50,3.912023005428146,36.19249854312967,36.19249854312967,skew_a,weak,uniform_mix,"[0.7638475556092894,0.16996716413019824,0.06618528026051237]",0.06618528026051237,2.7152971933234062,0.00999999999999991,0.09999999999999996,4.440892098500626e-16
S04,source,regular-sensitivity,1,0.0,0.5294438569592275,0.5294438569592275,skew_b,tie_ab,asymmetric_a,"[0.052030027507840866,0.15609008252352258,0.7918798899686366]",0.052030027507840866,2.9559342749881394,0.049999999999999996,0.05,4.440892098500626e-16
S04,source,regular-sensitivity,5,1.6094379124341003,2.6816143341546557,2.6816143341546557,skew_b,tie_ab,asymmetric_a,"[0.06075034256234827,0.1822510276870448,0.7569986297506069]",0.06075034256234827,2.8009825578909866,0.049999999999999996,0.05,4.440892098500626e-16
S04,source,regular-sensitivity,20,2.995732273553991,9.888674129278309,9.888674129278309,skew_b,tie_ab,asymmetric_a,"[0.1011524187979224,0.3034572563937672,0.5953903248083104]",0.1011524187979224,2.2911268026743388,0.049999999999999996,0.05,4.440892098500626e-16
S04,source,regular-sensitivity,50,3.912023005428146,20.085123220194472,20.085123220194472,skew_b,tie_ab,asymmetric_a,"[0.18820482785729226,0.5646144835718766,0.24718068857083117]",0.18820482785729226,1.6702243993581198,0.049999999999999996,0.05,4.440892098500626e-16
S05,source,regular-sensitivity,1,0.0,0.44713082550447797,0.44713082550447797,edge,dominant_a,backward_cycle,"[0.001099474530134758,0.10353939993077459,0.8953611255390906]",0.001099474530134758,6.812922913190241,0.10000000000000006,0.0010000000000000015,8.881784197001252e-16
S05,source,regular-sensitivity,5,1.6094379124341003,2.4188501939298366,2.4188501939298366,edge,dominant_a,backward_cycle,"[0.0016026183674648859,0.1235639235150807,0.8748334581174544]",0.0016026183674648859,6.43611650764462,0.10000000000000006,0.0010000000000000015,8.881784197001252e-16
S05,source,regular-sensitivity,20,2.995732273553991,12.731449866302427,12.731449866302427,edge,dominant_a,backward_cycle,"[0.006280546237832112,0.2287379001822831,0.7649815535798847]",0.006280546237832112,5.070298321738103,0.10000000000000006,0.0010000000000000015,8.881784197001252e-16
S05,source,regular-sensitivity,50,3.912023005428146,51.6102896557736,51.6102896557736,edge,dominant_a,backward_cycle,"[0.06583032675958816,0.534964545865689,0.3992051273747229]",0.06583032675958816,2.7206746538265625,0.10000000000000006,0.0010000000000000015,8.881784197001252e-16
S06,source,regular-sensitivity,1,0.0,0.23333333333333334,0.23333333333333334,balanced,neutral,asymmetric_b,"[0.3333333333333333,0.3333333333333333,0.3333333333333333]",0.3333333333333333,1.0986122886681098,0.0,0.3333333333333333,0.0
S06,source,regular-sensitivity,5,1.6094379124341003,1.1666666666666667,1.1666666666666667,balanced,neutral,asymmetric_b,"[0.3333333333333333,0.3333333333333333,0.3333333333333333]",0.3333333333333333,1.0986122886681098,0.0,0.3333333333333333,0.0
S06,source,regular-sensitivity,20,2.995732273553991,4.66666666666667,4.66666666666667,balanced,neutral,asymmetric_b,"[0.3333333333333333,0.3333333333333333,0.3333333333333333]",0.3333333333333333,1.0986122886681098,0.0,0.3333333333333333,0.0
S06,source,regular-sensitivity,50,3.912023005428146,11.66666666666667,11.66666666666667,balanced,neutral,asymmetric_b,"[0.3333333333333333,0.3333333333333333,0.3333333333333333]",0.3333333333333333,1.0986122886681098,0.0,0.3333333333333333,0.0
S07,source,regular-sensitivity,1,0.0,0.3328198199901298,0.3328198199901298,mixed,compressed,uniform_mix,"[0.20190629856921305,0.29835045810238875,0.4997432433283982]",0.20190629856921305,1.5999515576704353,0.01500000000000002,0.2,4.440892098500626e-16
S07,source,regular-sensitivity,5,1.6094379124341003,1.6677192828602525,1.6677192828602525,mixed,compressed,uniform_mix,"[0.2096572845466268,0.29176227014919737,0.49858044530417583]",0.2096572845466268,1.5622810597413517,0.01500000000000002,0.2,4.440892098500626e-16
S07,source,regular-sensitivity,20,2.995732273553991,6.664188435156811,6.664188435156811,mixed,compressed,uniform_mix,"[0.24049710479987804,0.26724695588542524,0.49225593931469674]",0.24049710479987804,1.425047227762927,0.01500000000000002,0.2,4.440892098500626e-16
S07,source,regular-sensitivity,50,3.912023005428146,15.857501875048406,15.857501875048406,mixed,compressed,uniform_mix,"[0.31008939619860426,0.21971378868581581,0.4701968151155799]",0.21971378868581581,1.5154295401326052,0.01500000000000002,0.2,4.440892098500626e-16
S08,source,regular-sensitivity,1,0.0,1.0626488487478591,1.0626488487478591,skew_a,dominant_b,uniform_off_diagonal,"[0.6875496162492863,0.21174252408626185,0.10070785966445171]",0.10070785966445171,2.2955314320109164,0.07500000000000004,0.10000000000000003,4.440892098500626e-16
S08,source,regular-sensitivity,5,1.6094379124341003,4.982192459666486,4.982192459666486,skew_a,dominant_b,uniform_off_diagonal,"[0.6338781837373966,0.26351066150048325,0.10261115476212011]",0.10261115476212011,2.276808631276791,0.07500000000000004,0.10000000000000003,4.440892098500626e-16
S08,source,regular-sensitivity,20,2.995732273553991,12.601610872340792,12.601610872340792,skew_a,dominant_b,uniform_off_diagonal,"[0.3974540363699319,0.5089329745031067,0.0936129891269614]",0.0936129891269614,2.368586132402688,0.07500000000000004,0.10000000000000003,4.440892098500626e-16
S08,source,regular-sensitivity,50,3.912023005428146,27.815712561163913,27.815712561163913,skew_a,dominant_b,uniform_off_diagonal,"[0.07327348797731965,0.8901908544897799,0.036535657532900424]",0.036535657532900424,3.30946657655862,0.07500000000000004,0.10000000000000003,4.440892098500626e-16
S09,source,regular-sensitivity,1,0.0,0.3831445040706417,0.3831445040706417,skew_b,dominant_c,forward_cycle,"[0.047797732395201145,0.13811552706831426,0.8140867405364846]",0.047797732395201145,3.0407770800409506,0.10000000000000002,0.05000000000000007,1.3322676295501878e-15
S09,source,regular-sensitivity,5,1.6094379124341003,1.8193962822118634,1.8193962822118634,skew_b,dominant_c,forward_cycle,"[0.03943762823439088,0.09808482647485058,0.8624775452907585]",0.03943762823439088,3.233034887100803,0.10000000000000002,0.05000000000000007,1.3322676295501878e-15
S09,source,regular-sensitivity,20,2.995732273553991,5.532251707330355,5.532251707330355,skew_b,dominant_c,forward_cycle,"[0.017163673154167565,0.024322635360622857,0.9585136914852096]",0.017163673154167565,4.064960154555286,0.10000000000000002,0.05000000000000007,1.3322676295501878e-15
S09,source,regular-sensitivity,50,3.912023005428146,7.854930208506198,7.854930208506198,skew_b,dominant_c,forward_cycle,"[0.0027350922087224384,0.001258319924959349,0.9960065878663182]",0.001258319924959349,6.6779778406674755,0.10000000000000002,0.05000000000000007,1.3322676295501878e-15
S10,source,regular-sensitivity,1,0.0,0.8801337112910117,0.8801337112910117,edge,tie_bc,asymmetric_b,"[0.0009656386289962564,0.09900340518091029,0.9000309561900934]",0.0009656386289962564,6.942720883806888,0.03500000000000004,0.0010000000000000024,2.6645352591003757e-15
S10,source,regular-sensitivity,5,1.6094379124341003,4.329687435215517,4.329687435215517,edge,tie_bc,asymmetric_b,"[0.0008395918113399378,0.09901589630698435,0.9001445118816758]",0.0008395918113399378,7.082594723114503,0.03500000000000004,0.0010000000000000024,2.6645352591003757e-15
S10,source,regular-sensitivity,20,2.995732273553991,16.455415247612244,16.455415247612244,edge,tie_bc,asymmetric_b,"[0.000496835418042449,0.09904986315677058,0.900453301425187]",0.000496835418042449,7.607251737530208,0.03500000000000004,0.0010000000000000024,2.6645352591003757e-15
S10,source,regular-sensitivity,50,3.912023005428146,38.44020190207137,38.44020190207137,edge,tie_bc,asymmetric_b,"[0.0001739176387352617,0.09908186401778302,0.9007442183434817]",0.0001739176387352617,8.656928711412716,0.03500000000000004,0.0010000000000000024,2.6645352591003757e-15
S11,source,regular-sensitivity,1,0.0,0.01665972598167903,0.01665972598167903,balanced,reversed,backward_cycle,"[0.3168124094855952,0.33305572906545156,0.35013186144895325]",0.3168124094855952,1.1494454484529983,0.10000000000000006,0.33333333333333326,8.881784197001252e-16
S11,source,regular-sensitivity,5,1.6094379124341003,0.25351544766357514,0.25351544766357514,balanced,reversed,backward_cycle,"[0.25427521259046554,0.3264958357998367,0.41922895160969775]",0.25427521259046554,1.3693380844056786,0.10000000000000006,0.33333333333333326,8.881784197001252e-16
S11,source,regular-sensitivity,20,2.995732273553991,3.007548228010177,3.007548228010177,balanced,reversed,backward_cycle,"[0.09003057317038032,0.24472847105479767,0.665240955774822]",0.09003057317038032,2.407605964444382,0.10000000000000006,0.33333333333333326,8.881784197001252e-16
S11,source,regular-sensitivity,50,3.912023005428146,8.235579860443863,8.235579860443863,balanced,reversed,backward_cycle,"[0.006188285272800008,0.0753887479629967,0.9184229667642033]",0.006188285272800008,5.085097246364314,0.10000000000000006,0.33333333333333326,8.881784197001252e-16
S12,source,regular-sensitivity,1,0.0,0.16513946324558954,0.16513946324558954,mixed,strong_ordered,asymmetric_a,"[0.21355876344046074,0.3009298380813926,0.48551139847814656]",0.21355876344046074,1.5438432455876459,0.09499999999999999,0.2000000000000001,4.440892098500626e-16
S12,source,regular-sensitivity,5,1.6094379124341003,0.6861551110756858,0.6861551110756858,mixed,strong_ordered,asymmetric_a,"[0.2738123599012366,0.30048810285376115,0.42569953724500226]",0.2738123599012366,1.295312225067638,0.09499999999999999,0.2000000000000001,4.440892098500626e-16
S12,source,regular-sensitivity,20,2.995732273553991,0.7516119506864213,0.9748712238184472,mixed,strong_ordered,asymmetric_a,"[0.5544224567089029,0.2382670400011677,0.20731050328992942]",0.20731050328992942,1.5735375937234577,0.09499999999999999,0.2000000000000001,4.440892098500626e-16
S12,source,regular-sensitivity,50,3.912023005428146,7.157227687307666,7.157227687307666,mixed,strong_ordered,asymmetric_a,"[0.9195109421358374,0.06060073684592866,0.019888321018233898]",0.019888321018233898,3.9176226030410595,0.09499999999999999,0.2000000000000001,4.440892098500626e-16
S13,source,analytic-zero,1,0.0,0.0,0.0,balanced,neutral,identity,"[0.3333333333333333,0.3333333333333333,0.3333333333333333]",0.3333333333333333,1.0986122886681098,0.0,0.3333333333333333,0.0
S13,source,analytic-zero,5,1.6094379124341003,0.0,0.0,balanced,neutral,identity,"[0.3333333333333333,0.3333333333333333,0.3333333333333333]",0.3333333333333333,1.0986122886681098,0.0,0.3333333333333333,0.0
S13,source,analytic-zero,20,2.995732273553991,0.0,0.0,balanced,neutral,identity,"[0.3333333333333333,0.3333333333333333,0.3333333333333333]",0.3333333333333333,1.0986122886681098,0.0,0.3333333333333333,0.0
S13,source,analytic-zero,50,3.912023005428146,0.0,0.0,balanced,neutral,identity,"[0.3333333333333333,0.3333333333333333,0.3333333333333333]",0.3333333333333333,1.0986122886681098,0.0,0.3333333333333333,0.0
S14,source,low-sensitivity,1,0.0,9.894972513241147e-14,9.894972513241147e-14,mixed,weak,near_identity,"[0.2013026980748582,0.300448045019461,0.49824925690568084]",0.2013026980748582,1.6029455431730684,0.009999999999999952,0.19999999999999998,1.1102230246251565e-16
S14,source,low-sensitivity,5,1.6094379124341003,4.851131766223334e-13,4.851131766223334e-13,mixed,weak,near_identity,"[0.2065672509329321,0.3022006310029988,0.4912321180640691]",0.2065672509329321,1.577129249222741,0.009999999999999952,0.19999999999999998,1.1102230246251565e-16
S14,source,low-sensitivity,20,2.995732273553991,1.7895488687766888e-12,1.7895488687766888e-12,mixed,weak,near_identity,"[0.22706202353279806,0.30818132266115594,0.46475665380604597]",0.22706202353279806,1.4825320673996234,0.009999999999999952,0.19999999999999998,1.1102230246251565e-16
S14,source,low-sensitivity,50,3.912023005428146,3.657150675069549e-12,3.657150675069549e-12,mixed,weak,near_identity,"[0.2714051970286353,0.3170558699633252,0.41153893300803956]",0.2714051970286353,1.3041423828014231,0.009999999999999952,0.19999999999999998,1.1102230246251565e-16
T01,target,regular-sensitivity,1,0.0,0.07472514836433938,0.07472514836433938,target_a,dominant_a,asymmetric_a,"[0.3151449209765772,0.3997001624198301,0.2851549166035926]",0.2851549166035926,1.254722679362382,0.10000000000000009,0.29999999999999993,4.440892098500626e-16
T01,target,regular-sensitivity,5,1.6094379124341003,0.4758777048520966,0.4758777048520966,target_a,dominant_a,asymmetric_a,"[0.37808159604284897,0.3926003240840766,0.22931807987307445]",0.22931807987307445,1.4726452441102977,0.10000000000000009,0.29999999999999993,4.440892098500626e-16
T01,target,regular-sensitivity,20,2.995732273553991,2.668202301435618,2.668202301435618,target_a,dominant_a,asymmetric_a,"[0.615066217443981,0.30169362180896603,0.08324016074705301]",0.08324016074705301,2.486025346331069,0.10000000000000009,0.29999999999999993,4.440892098500626e-16
T01,target,regular-sensitivity,50,3.912023005428146,7.907868140669987,7.907868140669987,target_a,dominant_a,asymmetric_a,"[0.8959091438822425,0.09805426779028298,0.006036588327474562]",0.006036588327474562,5.109916273065872,0.10000000000000009,0.29999999999999993,4.440892098500626e-16
T02,target,regular-sensitivity,1,0.0,0.25112424316991555,0.25112424316991555,target_b,weak,forward_cycle,"[0.6020975887574047,0.09984910241757357,0.2980533088250218]",0.09984910241757357,2.3040952084689437,0.009999999999999952,0.10000000000000002,3.3306690738754696e-16
T02,target,regular-sensitivity,5,1.6094379124341003,1.2631649029989296,1.2631649029989296,target_b,weak,forward_cycle,"[0.6104386110105052,0.09922780466722557,0.29033358432226913]",0.09922780466722557,2.3103370149808002,0.009999999999999952,0.10000000000000002,3.3306690738754696e-16
T02,target,regular-sensitivity,20,2.995732273553991,5.155208288707014,5.155208288707014,target_b,weak,forward_cycle,"[0.6409551306699698,0.09666003091871943,0.2623848384113107]",0.09666003091871943,2.3365552926943685,0.009999999999999952,0.10000000000000002,3.3306690738754696e-16
T02,target,regular-sensitivity,50,3.912023005428146,13.271909901796777,13.271909901796777,target_b,weak,forward_cycle,"[0.6978048300341113,0.09057515801026235,0.21162001195562632]",0.09057515801026235,2.401575297678506,0.009999999999999952,0.10000000000000002,3.3306690738754696e-16
T03,target,regular-sensitivity,1,0.0,0.8267271604688728,0.8267271604688728,target_c,tie_ab,uniform_off_diagonal,"[0.10148484224827074,0.6089090534896243,0.2896061042621049]",0.10148484224827074,2.2878458291077037,0.049999999999999996,0.1,4.440892098500626e-16
T03,target,regular-sensitivity,5,1.6094379124341003,4.454411366732167,4.454411366732167,target_c,tie_ab,uniform_off_diagonal,"[0.1071076376741801,0.6426458260450806,0.2502465362807393]",0.1071076376741801,2.2339209905867117,0.049999999999999996,0.1,4.440892098500626e-16
T03,target,regular-sensitivity,20,2.995732273553991,20.80752190945781,20.80752190945781,target_c,tie_ab,uniform_off_diagonal,"[0.12340136122540173,0.7404081673524101,0.1361904714221882]",0.12340136122540173,2.0923131365716765,0.049999999999999996,0.1,4.440892098500626e-16
T03,target,regular-sensitivity,50,3.912023005428146,53.01064137200179,53.01064137200179,target_c,tie_ab,uniform_off_diagonal,"[0.1380023198976183,0.8280139193857092,0.03398376071667251]",0.03398376071667251,3.381872494445817,0.049999999999999996,0.1,4.440892098500626e-16
T04,target,regular-sensitivity,1,0.0,0.9377144447055981,0.9377144447055981,target_d,compressed,uniform_mix,"[0.8021905556861323,0.14817140517060456,0.049638039143263]",0.049638039143263,3.0029978209718076,0.01500000000000001,0.05,4.440892098500626e-16
T04,target,regular-sensitivity,5,1.6094379124341003,4.666060247739626,4.666060247739626,target_d,compressed,uniform_mix,"[0.8107645253260093,0.14103403262202488,0.048201442051965915]",0.048201442051965915,3.0323663402825405,0.01500000000000001,0.05,4.440892098500626e-16
T04,target,regular-sensitivity,20,2.995732273553991,18.212886220597927,18.212886220597927,target_d,compressed,uniform_mix,"[0.840283819057414,0.11671829319407849,0.042997887748507505]",0.042997887748507505,3.1466042866228383,0.01500000000000001,0.05,4.440892098500626e-16
T04,target,regular-sensitivity,50,3.912023005428146,42.31658878712781,42.31658878712781,target_d,compressed,uniform_mix,"[0.8877234895390679,0.0786245408513988,0.03365196960953334]",0.03365196960953334,3.3916836923745275,0.01500000000000001,0.05,4.440892098500626e-16
T05,target,regular-sensitivity,1,0.0,0.01665972598167903,0.01665972598167903,balanced,dominant_a,backward_cycle,"[0.35013186144895325,0.33305572906545156,0.3168124094855952]",0.3168124094855952,1.1494454484529983,0.10000000000000006,0.33333333333333326,7.632783294297951e-16
T05,target,regular-sensitivity,5,1.6094379124341003,0.2372775016895502,0.2372775016895502,balanced,dominant_a,backward_cycle,"[0.41922895160969775,0.32649583579983676,0.2542752125904655]",0.2542752125904655,1.3693380844056788,0.10000000000000006,0.33333333333333326,7.632783294297951e-16
T05,target,regular-sensitivity,20,2.995732273553991,2.245129387349434,2.245129387349434,balanced,dominant_a,backward_cycle,"[0.6652409557748219,0.24472847105479784,0.09003057317038031]",0.09003057317038031,2.407605964444382,0.10000000000000006,0.33333333333333326,7.632783294297951e-16
T05,target,regular-sensitivity,50,3.912023005428146,4.708319617758285,4.708319617758285,balanced,dominant_a,backward_cycle,"[0.9184229667642032,0.07538874796299677,0.006188285272800012]",0.006188285272800012,5.085097246364314,0.10000000000000006,0.33333333333333326,7.632783294297951e-16
T06,target,regular-sensitivity,1,0.0,0.3333333333333333,0.3333333333333333,mixed,neutral,uniform_mix,"[0.2,0.3,0.5]",0.2,1.6094379124341003,9.647139993304294e-18,0.2000000000000001,6.661338147750939e-16
T06,target,regular-sensitivity,5,1.6094379124341003,1.6666666666666665,1.6666666666666665,mixed,neutral,uniform_mix,"[0.2,0.3,0.5]",0.2,1.6094379124341003,9.647139993304294e-18,0.2000000000000001,6.661338147750939e-16
T06,target,regular-sensitivity,20,2.995732273553991,6.666666666666664,6.666666666666664,mixed,neutral,uniform_mix,"[0.2,0.3,0.5]",0.2,1.6094379124341003,9.647139993304294e-18,0.2000000000000001,6.661338147750939e-16
T06,target,regular-sensitivity,50,3.912023005428146,16.66666666666666,16.66666666666666,mixed,neutral,uniform_mix,"[0.2,0.3,0.5]",0.2,1.6094379124341003,9.647139993304294e-18,0.2000000000000001,6.661338147750939e-16
T07,target,regular-sensitivity,1,0.0,0.5269727267029053,0.5269727267029053,target_e,dominant_b,asymmetric_b,"[0.04689971371093986,0.8088393294407796,0.14426095684828052]",0.04689971371093986,3.059743707792887,0.075,0.049999999999999954,6.661338147750939e-16
T07,target,regular-sensitivity,5,1.6094379124341003,2.4907823459035083,2.4907823459035083,target_e,dominant_b,asymmetric_b,"[0.036128070840845565,0.8410565264023759,0.1228154027567786]",0.036128070840845565,3.32068513018738,0.075,0.049999999999999954,6.661338147750939e-16
T07,target,regular-sensitivity,20,2.995732273553991,7.701443790578784,7.701443790578784,target_e,dominant_b,asymmetric_b,"[0.012877771198871672,0.9234266629167607,0.06369556588436769]",0.012877771198871672,4.352252616845559,0.075,0.049999999999999954,6.661338147750939e-16
T07,target,regular-sensitivity,50,3.912023005428146,11.430959821312907,11.430959821312907,target_e,dominant_b,asymmetric_b,"[0.0014454870531591516,0.9834187762785519,0.015135736668288977]",0.0014454870531591516,6.539308953200249,0.075,0.049999999999999954,6.661338147750939e-16
T08,target,regular-sensitivity,1,0.0,0.7950445009252174,0.7950445009252174,target_f,weak,uniform_off_diagonal,"[0.1510904165069194,0.25056141651800806,0.5983481669750724]",0.1510904165069194,1.8898768365532723,0.00999999999999996,0.15000000000000005,4.440892098500626e-16
T08,target,regular-sensitivity,5,1.6094379124341003,3.943095573075518,3.943095573075518,target_f,weak,uniform_off_diagonal,"[0.15551049370710043,0.25278487656159115,0.5917046297313083]",0.15551049370710043,1.861042065992819,0.00999999999999996,0.15000000000000005,4.440892098500626e-16
T08,target,regular-sensitivity,20,2.995732273553991,15.23653145232657,15.23653145232657,target_f,weak,uniform_off_diagonal,"[0.17292106672119276,0.2607757525600465,0.5663031807187607]",0.17292106672119276,1.754920050330621,0.00999999999999996,0.15000000000000005,4.440892098500626e-16
T08,target,regular-sensitivity,50,3.912023005428146,34.78624193406296,34.78624193406296,target_f,weak,uniform_off_diagonal,"[0.21167945885004208,0.2747602138542399,0.513560327295718]",0.21167945885004208,1.5526821350716973,0.00999999999999996,0.15000000000000005,4.440892098500626e-16
T09,target,regular-sensitivity,1,0.0,0.23490112737051153,0.23490112737051153,target_g,dominant_c,forward_cycle,"[0.4367206566777759,0.04673854429060058,0.5165407990316236]",0.04673854429060058,3.063186095187403,0.09999999999999999,0.04999999999999999,1.7763568394002505e-15
T09,target,regular-sensitivity,5,1.6094379124341003,1.2214178726325686,1.2214178726325686,target_g,dominant_c,forward_cycle,"[0.3830209611643191,0.03528172551985163,0.5816973133158293]",0.03528172551985163,3.3443901397467206,0.09999999999999999,0.04999999999999999,1.7763568394002505e-15
T09,target,regular-sensitivity,20,2.995732273553991,4.717127327704444,4.717127327704444,target_g,dominant_c,forward_cycle,"[0.20281326275634193,0.01064468908648563,0.7865420481571724]",0.01064468908648563,4.542694188532885,0.09999999999999999,0.04999999999999999,1.7763568394002505e-15
T09,target,regular-sensitivity,50,3.912023005428146,7.694484913404585,7.694484913404585,target_g,dominant_c,forward_cycle,"[0.03801441327342834,0.000647744343019554,0.9613378423835521]",0.000647744343019554,7.342014471837606,0.09999999999999999,0.04999999999999999,1.7763568394002505e-15
T10,target,regular-sensitivity,1,0.0,0.3711829419533299,0.3711829419533299,target_h,tie_bc,asymmetric_a,"[0.11635287901180935,0.6828182298545109,0.2008288911336797]",0.11635287901180935,2.1511276451325023,0.03500000000000004,0.11999999999999995,4.440892098500626e-16
T10,target,regular-sensitivity,5,1.6094379124341003,1.8765684041839248,1.8765684041839248,target_h,tie_bc,asymmetric_a,"[0.10271363688508423,0.6933576442251621,0.2039287188897536]",0.10271363688508423,2.275810387171418,0.03500000000000004,0.11999999999999995,4.440892098500626e-16
T10,target,regular-sensitivity,20,2.995732273553991,7.671865557905107,7.671865557905107,target_h,tie_bc,asymmetric_a,"[0.06342151519134591,0.7237197382612327,0.2128587465474214]",0.06342151519134591,2.7579521187769154,0.03500000000000004,0.11999999999999995,4.440892098500626e-16
T10,target,regular-sensitivity,50,3.912023005428146,19.07157810845073,19.07157810845073,target_h,tie_bc,asymmetric_a,"[0.023147923300343962,0.7548402410860978,0.22201183561355828]",0.023147923300343962,3.765850208722381,0.03500000000000004,0.11999999999999995,4.440892098500626e-16
T11,target,regular-sensitivity,1,0.0,0.38199111658489737,0.38199111658489737,skew_b,reversed,backward_cycle,"[0.04579478409279648,0.14442819864461237,0.8097770172625911]",0.04579478409279648,3.083585078784081,0.09999999999999999,0.04999999999999992,1.7763568394002505e-15
T11,target,regular-sensitivity,5,1.6094379124341003,1.838767864264389,1.838767864264389,skew_b,reversed,backward_cycle,"[0.03201883570125102,0.12333899655946556,0.8446421677392834]",0.03201883570125102,3.4414309336845674,0.09999999999999999,0.04999999999999992,1.7763568394002505e-15
T11,target,regular-sensitivity,20,2.995732273553991,5.950434629933982,5.950434629933982,skew_b,reversed,backward_cycle,"[0.00785054182017043,0.06401995551998135,0.9281295026598483]",0.00785054182017043,4.8471727278919445,0.09999999999999999,0.04999999999999992,1.7763568394002505e-15
T11,target,regular-sensitivity,50,3.912023005428146,9.25569410728695,9.25569410728695,skew_b,reversed,backward_cycle,"[0.00041456653693072487,0.015151362997404978,0.9844340704656643]",0.00041456653693072487,7.788277072916233,0.09999999999999999,0.04999999999999992,1.7763568394002505e-15
T12,target,regular-sensitivity,1,0.0,1.1272876815686077,1.1272876815686077,edge,strong_ordered,uniform_mix,"[0.0010959654359604977,0.10192686044640238,0.8969771741176371]",0.0010959654359604977,6.8161196274859925,0.09500000000000001,0.000999999999999998,2.6645352591003757e-15
T12,target,regular-sensitivity,5,1.6094379124341003,6.307032567294687,6.307032567294687,edge,strong_ordered,uniform_mix,"[0.001579463192625612,0.11440043575001492,0.8840201010573595]",0.001579463192625612,6.450670241174657,0.09500000000000001,0.000999999999999998,2.6645352591003757e-15
T12,target,regular-sensitivity,20,2.995732273553991,41.464013809159866,41.464013809159866,edge,strong_ordered,uniform_mix,"[0.006098463392400993,0.17297666252451613,0.8209248740830829]",0.006098463392400993,5.099718442420816,0.09500000000000001,0.000999999999999998,2.6645352591003757e-15
T12,target,regular-sensitivity,50,3.912023005428146,484.3315856647335,484.3315856647335,edge,strong_ordered,uniform_mix,"[0.07612503990932029,0.33112538173192996,0.5927495783587498]",0.07612503990932029,2.575378028691848,0.09500000000000001,0.000999999999999998,2.6645352591003757e-15
T13,target,analytic-zero,1,0.0,0.0,0.0,target_a,neutral,identity,"[0.3,0.4,0.3]",0.3,1.2039728043259361,2.4103286236353495e-18,0.3,1.1102230246251565e-16
T13,target,analytic-zero,5,1.6094379124341003,0.0,0.0,target_a,neutral,identity,"[0.3,0.4,0.3]",0.3,1.2039728043259361,2.4103286236353495e-18,0.3,1.1102230246251565e-16
T13,target,analytic-zero,20,2.995732273553991,0.0,0.0,target_a,neutral,identity,"[0.3,0.4,0.3]",0.3,1.2039728043259361,2.4103286236353495e-18,0.3,1.1102230246251565e-16
T13,target,analytic-zero,50,3.912023005428146,0.0,0.0,target_a,neutral,identity,"[0.3,0.4,0.3]",0.3,1.2039728043259361,2.4103286236353495e-18,0.3,1.1102230246251565e-16
T14,target,low-sensitivity,1,0.0,1.5890824969900514e-13,1.5890824969900514e-13,target_c,compressed,near_identity,"[0.10120616353093707,0.5981964003344769,0.30059743613458606]",0.10120616353093707,2.290595619527473,0.014999999999999996,0.10000000000000002,2.220446049250313e-16
T14,target,low-sensitivity,5,1.6094379124341003,7.918567992166798e-13,7.918567992166798e-13,target_c,compressed,near_identity,"[0.10615543126484013,0.590910059366123,0.30293450936903693]",0.10615543126484013,2.242850926198892,0.014999999999999996,0.10000000000000002,2.220446049250313e-16
T14,target,low-sensitivity,20,2.995732273553991,3.1116203249155438e-12,3.1116203249155438e-12,target_c,compressed,near_identity,"[0.12656463019163802,0.5625683048388535,0.31086706496950856]",0.12656463019163802,2.0670021906791143,0.014999999999999996,0.10000000000000002,2.220446049250313e-16
T14,target,low-sensitivity,50,3.912023005428146,7.540424231686602e-12,7.540424231686602e-12,target_c,compressed,near_identity,"[0.17687246446133764,0.5012918178744582,0.32183571766420416]",0.17687246446133764,1.732326345888303,0.014999999999999996,0.10000000000000002,2.220446049250313e-16
