landscape_id,split,stratum,horizon,region,epsilon_count,kl_residual_sign,kl_quadratic_error_minimum,kl_quadratic_error_median,kl_quadratic_error_maximum,stable_cubic_count,kl_cubic_scale_minimum,kl_cubic_scale_median,kl_cubic_scale_maximum
S01,source,regular-sensitivity,1,confirmatory,3,negative,-1.3532519057567186e-05,-4.061359620181582e-06,-1.349269747994107e-06,3,-0.013537865400605276,-0.013532519057567185,-0.013492697479941067
S01,source,regular-sensitivity,1,extended-local,2,negative,-0.0001343478202822559,-8.744004417678559e-05,-4.053226807131526e-05,2,-0.013510756023771754,-0.013472769025998671,-0.013434782028225588
S01,source,regular-sensitivity,1,stress,2,negative,-0.0012490916636087761,-0.0008228436002845573,-0.0003965955369603383,2,-0.013219851232011278,-0.01285538393404952,-0.01249091663608776
S01,source,regular-sensitivity,5,confirmatory,3,negative,-0.014207761122206841,-0.004274005945815389,-0.0014257799099754971,3,-14.257799099754967,-14.246686486051297,-14.20776112220684
S01,source,regular-sensitivity,5,extended-local,2,negative,-0.13721359000272582,-0.0897529514430141,-0.04229231288330235,2,-14.09743762776745,-13.909398314020017,-13.721359000272582
S01,source,regular-sensitivity,5,stress,2,negative,-0.9969826598669034,-0.6893846913106809,-0.38178672275445835,2,-12.72622409181528,-11.348025345242156,-9.969826598669034
S01,source,regular-sensitivity,20,confirmatory,3,positive,0.006444591184066494,0.019304980187577342,0.0640052787099642,3,64.00527870996419,64.34993395859114,64.44591184066493
S01,source,regular-sensitivity,20,extended-local,2,positive,0.18886110050514807,0.38787025271083714,0.5868794049165262,2,58.68794049165262,60.82082033001765,62.95370016838269
S01,source,regular-sensitivity,20,stress,2,positive,1.224941424250818,1.284319937831335,1.343698451411852,2,12.24941424250818,28.519681311451624,44.78994838039507
S01,source,regular-sensitivity,50,confirmatory,3,negative,-100.95842388272531,-33.413185994293066,-11.487783763275004,3,-114877.83763275003,-111377.28664764357,-100958.4238827253
S01,source,regular-sensitivity,50,extended-local,2,negative,-503.20638230114844,-372.9417181982302,-242.67705409531192,2,-80892.35136510397,-65606.4947976094,-50320.63823011483
S01,source,regular-sensitivity,50,stress,2,negative,-1007.9320938303097,-895.047702317984,-782.1633108056582,2,-26072.11036018861,-18075.715649245853,-10079.320938303095
S02,source,regular-sensitivity,1,confirmatory,3,numerical-zero,1.9569534407809263e-10,3.614051052930736e-10,2.3257068619106916e-09,2,1.956953440780926e-07,7.001895141941689e-07,1.2046836843102453e-06
S02,source,regular-sensitivity,1,extended-local,2,numerical-zero,6.341940423514523e-10,1.3756036036208903e-09,2.117013164890328e-09,2,2.113980141171508e-07,2.115496653030918e-07,2.1170131648903278e-07
S02,source,regular-sensitivity,1,stress,2,positive,6.3533080765199395e-09,1.3779034176189232e-08,2.1204760275858524e-08,2,2.1177693588399803e-07,2.1191226932129164e-07,2.1204760275858522e-07
S02,source,regular-sensitivity,5,confirmatory,3,negative,-2.0278181043136806e-05,-6.082641882264507e-06,-2.0074676842779686e-06,3,-0.020278181043136806,-0.02027547294088169,-0.020074676842779682
S02,source,regular-sensitivity,5,extended-local,2,negative,-0.0002017703301358074,-0.000131268806272299,-6.076728240879066e-05,2,-0.02025576080293022,-0.02021639690825548,-0.020177033013580738
S02,source,regular-sensitivity,5,stress,2,negative,-0.0019208363935179023,-0.0012597412050872464,-0.0005986460166565906,2,-0.019954867221886354,-0.01958161557853269,-0.019208363935179024
S02,source,regular-sensitivity,20,confirmatory,3,negative,-0.018757091311981743,-0.005642681147455418,-0.0018823762418228546,3,-18.823762418228544,-18.808937158184726,-18.757091311981743
S02,source,regular-sensitivity,20,extended-local,2,negative,-0.18117146314605886,-0.11850172147646848,-0.0558319798068781,2,-18.610659935626035,-18.36390312511596,-18.117146314605886
S02,source,regular-sensitivity,20,stress,2,negative,-1.3589808562886758,-0.9322562037267162,-0.5055315511647567,2,-16.85105170549189,-15.220430134189325,-13.589808562886757
S02,source,regular-sensitivity,50,confirmatory,3,negative,-2.2466517426302746,-0.6867749674054192,-0.23017712991476114,3,-2301.771299147611,-2289.2498913513978,-2246.6517426302744
S02,source,regular-sensitivity,50,extended-local,2,negative,-18.257111406439485,-12.330288743306433,-6.403466080173381,2,-2134.488693391127,-1980.0999170175378,-1825.7111406439483
S02,source,regular-sensitivity,50,stress,2,negative,-70.84524827272755,-55.18399506914962,-39.52274186557169,2,-1317.4247288523898,-1012.9386057898325,-708.4524827272754
S03,source,regular-sensitivity,1,confirmatory,3,negative,-0.00021027340495857492,-6.313755064072615e-05,-2.10563123349574e-05,3,-0.21056312334957394,-0.21045850213575384,-0.21027340495857488
S03,source,regular-sensitivity,1,extended-local,2,negative,-0.002079299384587032,-0.0013542711157772994,-0.0006292428469675668,2,-0.20974761565585562,-0.20883877705727938,-0.20792993845870317
S03,source,regular-sensitivity,1,stress,2,negative,-0.018724735771588962,-0.01240616942964962,-0.006087603087710279,2,-0.202920102923676,-0.1950837303197828,-0.1872473577158896
S03,source,regular-sensitivity,5,confirmatory,3,negative,-0.06886851815007373,-0.020748054697796916,-0.006924413956016315,3,-69.24413956016313,-69.16018232598972,-68.86851815007373
S03,source,regular-sensitivity,5,extended-local,2,negative,-0.6537297791565921,-0.4289426984764485,-0.20415561779630492,2,-68.0518725987683,-66.71242525721375,-65.3729779156592
S03,source,regular-sensitivity,5,stress,2,negative,-4.454545040947697,-3.1115180530009257,-1.7684910650541537,2,-58.949702168471795,-51.747576288974386,-44.54545040947697
S03,source,regular-sensitivity,20,confirmatory,3,negative,-5.137589341685237,-1.570510408756594,-0.5263707835238155,3,-5263.707835238154,-5235.034695855314,-5137.589341685237
S03,source,regular-sensitivity,20,extended-local,2,negative,-41.78207497082139,-28.21346018632633,-14.644845401831269,2,-4881.6151339437565,-4529.911315512947,-4178.207497082139
S03,source,regular-sensitivity,20,stress,2,negative,-150.28553654486495,-120.15828355182092,-90.03103055877686,2,-3001.0343519592293,-2251.9448587039396,-1502.8553654486495
S03,source,regular-sensitivity,50,confirmatory,3,negative,-89.63839837388203,-28.31683888190185,-9.586452148016068,3,-95864.52148016068,-94389.46293967284,-89638.39837388201
S03,source,regular-sensitivity,50,extended-local,2,negative,-563.3678649569811,-399.79211107539584,-236.21635719381052,2,-78738.78573127018,-67537.78611348414,-56336.7864956981
S03,source,regular-sensitivity,50,stress,2,negative,-1185.1445705775925,-1066.0407789168942,-946.936987256196,2,-31564.566241873203,-21708.00597382456,-11851.445705775926
S04,source,regular-sensitivity,1,confirmatory,3,negative,-0.00042051596622997976,-0.00012631741497320982,-4.212164586329412e-05,3,-0.42121645863294116,-0.42105804991069945,-0.4205159662299797
S04,source,regular-sensitivity,1,extended-local,2,negative,-0.0041370298953037525,-0.002696983519659765,-0.0012569371440157766,2,-0.41897904800525887,-0.41634101876781704,-0.4137029895303752
S04,source,regular-sensitivity,1,stress,2,negative,-0.03574493381241043,-0.023864314003494355,-0.01198369419457828,2,-0.3994564731526094,-0.3784529056383569,-0.3574493381241043
S04,source,regular-sensitivity,5,confirmatory,3,negative,-0.06949364502556818,-0.020969133152073657,-0.007001348551691051,3,-70.01348551691049,-69.89711050691218,-69.49364502556817
S04,source,regular-sensitivity,5,extended-local,2,negative,-0.6477034506343509,-0.4264094618002101,-0.20511547296606938,2,-68.37182432202313,-66.5710846927291,-64.77034506343509
S04,source,regular-sensitivity,5,stress,2,negative,-4.019605290271044,-2.8585883943524752,-1.6975714984339072,2,-56.58571661446358,-48.390884758587006,-40.196052902710434
S04,source,regular-sensitivity,20,confirmatory,3,negative,-3.243541785450104,-0.9904003184017445,-0.33182815724716286,3,-3318.281572471628,-3301.3343946724817,-3243.5417854501034
S04,source,regular-sensitivity,20,extended-local,2,negative,-26.60231207109759,-17.936657102847548,-9.271002134597504,2,-3090.3340448658346,-2875.2826259877966,-2660.2312071097585
S04,source,regular-sensitivity,20,stress,2,negative,-97.03616097150979,-77.32128244286014,-57.606403914210475,2,-1920.213463807016,-1445.2875367610568,-970.3616097150978
S04,source,regular-sensitivity,50,confirmatory,3,negative,-21.13565236464395,-6.552434603233146,-2.2051502278245465,3,-22051.50227824546,-21841.448677443823,-21135.652364643945
S04,source,regular-sensitivity,50,extended-local,2,negative,-148.27939231345493,-103.14973522675402,-58.02007814005308,2,-19340.02604668436,-17083.982639014925,-14827.93923134549
S04,source,regular-sensitivity,50,stress,2,negative,-323.38818169227335,-291.2684724178972,-259.148763143521,2,-8638.292104784035,-5936.086960853385,-3233.8818169227334
S05,source,regular-sensitivity,1,confirmatory,3,negative,-0.0024073867591465825,-0.0007278027087381559,-0.00024314296247845892,3,-2.431429624784589,-2.4260090291271865,-2.4073867591465823
S05,source,regular-sensitivity,1,extended-local,2,negative,-0.02195918145371304,-0.01451371824207382,-0.007068255030434598,2,-2.356085010144866,-2.276001577758085,-2.1959181453713037
S05,source,regular-sensitivity,1,stress,2,negative,-0.1248876572646087,-0.0902661149343067,-0.0556445726040047,2,-1.8548190868001568,-1.5518478297231217,-1.2488765726460869
S05,source,regular-sensitivity,5,confirmatory,3,negative,-0.27295607113062537,-0.0845980451163616,-0.028471677490688182,3,-284.71677490688177,-281.99348372120534,-272.95607113062533
S05,source,regular-sensitivity,5,extended-local,2,negative,-1.9827936908518904,-1.3674218299904948,-0.7520499691290995,2,-250.68332304303314,-224.48134606411108,-198.27936908518902
S05,source,regular-sensitivity,5,stress,2,negative,-6.629634440134749,-5.273429412136988,-3.9172243841392267,2,-130.57414613797425,-98.43524526966087,-66.29634440134748
S05,source,regular-sensitivity,20,confirmatory,3,negative,-22.618830182762018,-7.399786424531287,-2.5339361573462003,3,-25339.361573462,-24665.954748437623,-22618.830182762016
S05,source,regular-sensitivity,20,extended-local,2,negative,-118.73078312890777,-87.12484285435467,-55.51890257980156,2,-18506.300859933854,-15189.689586412314,-11873.078312890775
S05,source,regular-sensitivity,20,stress,2,negative,-275.0144335037906,-233.5295675601056,-192.04470161642058,2,-6401.490053880688,-4575.817194459297,-2750.144335037906
S05,source,regular-sensitivity,50,confirmatory,3,negative,-834.5381674275355,-282.6895699091872,-97.94950521009552,3,-979495.052100955,-942298.5663639574,-834538.1674275354
S05,source,regular-sensitivity,50,extended-local,2,negative,-3607.5047654222567,-2760.3484755558206,-1913.1921856893846,2,-637730.7285631283,-499240.6025526769,-360750.47654222563
S05,source,regular-sensitivity,50,stress,2,negative,-5497.604418403505,-5200.035555023895,-4902.466691644283,2,-163415.5563881428,-109195.80028608892,-54976.04418403505
S06,source,regular-sensitivity,1,confirmatory,3,numerical-zero,8.380585719150769e-08,2.633802113234239e-07,8.756050531218141e-07,3,0.0008380585719150767,0.000875605053121814,0.0008779340377447465
S06,source,regular-sensitivity,1,extended-local,2,positive,2.6307835194516773e-06,5.722515928217548e-06,8.814248336983417e-06,2,0.0008769278398172257,0.0008791763367577837,0.0008814248336983416
S06,source,regular-sensitivity,1,stress,2,positive,2.6829105573640037e-05,6.03995818544297e-05,9.397005813521936e-05,2,0.0008943035191213346,0.0009170020502367641,0.0009397005813521935
S06,source,regular-sensitivity,5,confirmatory,3,negative,-0.0013976408375983914,-0.0004195672159145566,-0.0001398678467503498,3,-1.398678467503498,-1.3985573863818554,-1.397640837598391
S06,source,regular-sensitivity,5,extended-local,2,negative,-0.01385884708749756,-0.009021942772023145,-0.004185038456548727,2,-1.3950128188495758,-1.3904487637996659,-1.385884708749756
S06,source,regular-sensitivity,5,stress,2,negative,-0.1277387890354994,-0.08427523364592329,-0.040811678256347184,2,-1.360389275211573,-1.3188885827832835,-1.277387890354994
S06,source,regular-sensitivity,20,confirmatory,3,negative,-0.10709180825868062,-0.03224110176810278,-0.010757876930896035,3,-107.57876930896033,-107.47033922700926,-107.09180825868062
S06,source,regular-sensitivity,20,extended-local,2,negative,-1.0243433206889234,-0.6712071469280265,-0.31807097316712957,2,-106.02365772237653,-104.22899489563443,-102.43433206889232
S06,source,regular-sensitivity,20,stress,2,negative,-7.0391591917757905,-4.9191130239343615,-2.799066856092932,2,-93.30222853643109,-81.8469102270945,-70.39159191775789
S06,source,regular-sensitivity,50,confirmatory,3,negative,-1.7155090512861157,-0.5194281654508486,-0.17360254075294096,3,-1736.0254075294092,-1731.4272181694953,-1715.5090512861157
S06,source,regular-sensitivity,50,extended-local,2,negative,-15.325380262932262,-10.169918005174004,-5.014455747415746,2,-1671.485249138582,-1602.011637715904,-1532.538026293226
S06,source,regular-sensitivity,50,stress,2,negative,-70.09670322891569,-53.51580891191756,-36.93491459491943,2,-1231.1638198306475,-966.0654260599022,-700.9670322891568
S07,source,regular-sensitivity,1,confirmatory,3,negative,-6.282499232296231e-06,-1.8856935317301608e-06,-6.281240437416257e-07,3,-0.006285645105767203,-0.006282499232296231,-0.0062812404374162556
S07,source,regular-sensitivity,1,extended-local,2,negative,-6.25073741086325e-05,-4.066678957601916e-05,-1.8826205043405817e-05,2,-0.006275401681135273,-0.006263069545999261,-0.006250737410863249
S07,source,regular-sensitivity,1,stress,2,negative,-0.0005942526765797422,-0.00038983889891298787,-0.00018542512124623353,2,-0.006180837374874452,-0.006061682070335936,-0.005942526765797421
S07,source,regular-sensitivity,5,confirmatory,3,negative,-0.007778256515766258,-0.0023377714874243008,-0.0007796703006522453,3,-7.796703006522452,-7.79257162474767,-7.778256515766256
S07,source,regular-sensitivity,5,extended-local,2,negative,-0.07598394595173123,-0.049598404145480085,-0.02321286233922893,2,-7.7376207797429775,-7.66800768745805,-7.598394595173122
S07,source,regular-sensitivity,5,stress,2,negative,-0.6136552938206039,-0.41519379543292156,-0.21673229704523922,2,-7.224409901507975,-6.680481419857006,-6.136552938206039
S07,source,regular-sensitivity,20,confirmatory,3,negative,-0.512354870918063,-0.15506561106209876,-0.051819212370292835,3,-518.1921237029283,-516.8853702069958,-512.3548709180629
S07,source,regular-sensitivity,20,extended-local,2,negative,-4.595257119413089,-3.0472834858714473,-1.4993098523298045,2,-499.76995077660155,-479.6478313589552,-459.5257119413089
S07,source,regular-sensitivity,20,stress,2,negative,-20.58597784014255,-15.838048141060707,-11.090118441978861,2,-369.67061473262874,-287.76519656702715,-205.8597784014255
S07,source,regular-sensitivity,50,confirmatory,3,negative,-6.4874941964020705,-1.98947281865471,-0.6673673366470263,3,-6673.6733664702615,-6631.5760621823665,-6487.49419640207
S07,source,regular-sensitivity,50,extended-local,2,negative,-50.02396038543333,-34.16498611808566,-18.306011850737985,2,-6102.003950245996,-5552.199994394664,-5002.396038543332
S07,source,regular-sensitivity,50,stress,2,negative,-121.86007372617648,-108.15068262619928,-94.4412915262221,2,-3148.0430508740706,-2183.3218940679176,-1218.6007372617648
S08,source,regular-sensitivity,1,confirmatory,3,negative,-0.0006666129693368392,-0.000200243411226828,-6.677738638598525e-05,3,-0.6677738638598524,-0.66747803742276,-0.6666129693368391
S08,source,regular-sensitivity,1,extended-local,2,negative,-0.006556984639161393,-0.004274722455446968,-0.0019924602717325437,2,-0.664153423910848,-0.6599259439134937,-0.6556984639161393
S08,source,regular-sensitivity,1,stress,2,negative,-0.056430819253572455,-0.0377069911396682,-0.018983163025763944,2,-0.6327721008587983,-0.5985401466972614,-0.5643081925357245
S08,source,regular-sensitivity,5,confirmatory,3,negative,-0.20595639129038082,-0.06217108059165097,-0.020760623845173676,3,-207.60623845173671,-207.23693530550324,-205.9563912903808
S08,source,regular-sensitivity,5,extended-local,2,negative,-1.9103209063190503,-1.2587619157901242,-0.6072029252611981,2,-202.40097508706606,-196.71653285948554,-191.032090631905
S08,source,regular-sensitivity,5,stress,2,negative,-11.420297864641725,-8.19089203325966,-4.9614862018775945,2,-165.38287339591983,-139.79292602116854,-114.20297864641724
S08,source,regular-sensitivity,20,confirmatory,3,negative,-11.820705836793046,-3.6475445309046832,-1.2258924024128097,3,-12258.924024128095,-12158.481769682277,-11820.705836793044
S08,source,regular-sensitivity,20,extended-local,2,negative,-87.57235220129,-60.22398285779206,-32.875613514294116,2,-10958.53783809804,-9857.886529113519,-8757.235220129
S08,source,regular-sensitivity,20,stress,2,negative,-231.66356869790042,-199.10179072312573,-166.54001274835105,2,-5551.333758278369,-3933.9847226286865,-2316.635686979004
S08,source,regular-sensitivity,50,confirmatory,3,negative,-179.70250247488994,-59.08704412929208,-20.264818386437632,3,-202648.18386437627,-196956.81376430695,-179702.50247488992
S08,source,regular-sensitivity,50,extended-local,2,negative,-898.2290601127593,-666.9180566666658,-435.6070532205725,2,-145202.35107352416,-117512.62854240004,-89822.90601127592
S08,source,regular-sensitivity,50,stress,2,negative,-1613.5265385808975,-1475.649883655062,-1337.7732287292265,2,-44592.440957640894,-30363.853171724935,-16135.265385808974
S09,source,regular-sensitivity,1,confirmatory,3,negative,-0.0005105593432726606,-0.00015338208086940642,-5.114542605849046e-05,3,-0.5114542605849046,-0.5112736028980214,-0.5105593432726605
S09,source,regular-sensitivity,1,extended-local,2,negative,-0.005015458348713752,-0.0032705136706045355,-0.0015255689924953196,2,-0.5085229974984399,-0.5050344161849075,-0.5015458348713752
S09,source,regular-sensitivity,1,stress,2,negative,-0.04283565929210979,-0.028659916683585,-0.01448417407506021,2,-0.48280580250200705,-0.4555811977115525,-0.42835659292109796
S09,source,regular-sensitivity,5,confirmatory,3,negative,-0.09763631119664784,-0.029527410136086438,-0.009865264128210765,3,-98.65264128210764,-98.42470045362147,-97.63631119664782
S09,source,regular-sensitivity,5,extended-local,2,negative,-0.8870065687789402,-0.5867019609558506,-0.286397353132761,2,-95.46578437758701,-92.0832206277405,-88.700656877894
S09,source,regular-sensitivity,5,stress,2,negative,-4.897311691196424,-3.5638111544876443,-2.230310617778865,2,-74.34368725929552,-61.65840208562988,-48.97311691196424
S09,source,regular-sensitivity,20,confirmatory,3,negative,-12.236197692638324,-3.869437861144662,-1.3103484320494254,3,-13103.484320494254,-12898.12620381554,-12236.197692638323
S09,source,regular-sensitivity,20,extended-local,2,negative,-76.41780212855001,-54.28686451294705,-32.15592689734408,2,-10718.642299114696,-9180.211255984848,-7641.780212855
S09,source,regular-sensitivity,20,stress,2,negative,-184.8273796912344,-158.18986264567053,-131.55234560010666,2,-4385.078186670222,-3116.675991791283,-1848.2737969123439
S09,source,regular-sensitivity,50,confirmatory,3,negative,-822.6572077415545,-338.0057571735613,-127.03121920722592,3,-1270312.192072259,-1126685.8572452043,-822657.2077415545
S09,source,regular-sensitivity,50,extended-local,2,negative,-2089.3687473713157,-1770.315240440665,-1451.2617335100147,2,-483753.91117000487,-346345.3929535682,-208936.87473713153
S09,source,regular-sensitivity,50,stress,2,negative,-2693.2492453725354,-2582.872749928138,-2472.496254483741,2,-82416.5418161247,-54674.51713492503,-26932.492453725354
S10,source,regular-sensitivity,1,confirmatory,3,negative,-0.2887414397162176,-0.09024712435093454,-0.03045025376299783,3,-304.50253762997824,-300.8237478364485,-288.74143971621754
S10,source,regular-sensitivity,1,extended-local,2,negative,-1.9530590371698122,-1.3661387989523763,-0.7792185607349404,2,-259.73952024498016,-227.5227119809807,-195.30590371698122
S10,source,regular-sensitivity,1,stress,2,negative,-5.296733139669668,-4.429560212248463,-3.5623872848272575,2,-118.74624282757527,-85.85678711213598,-52.967331396696686
S10,source,regular-sensitivity,5,confirmatory,3,negative,-31.2006275477582,-11.210165804845438,-3.9707988198289974,3,-39707.98819828997,-37367.219349484796,-31200.627547758195
S10,source,regular-sensitivity,5,extended-local,2,negative,-111.11963992004956,-88.15906728474823,-65.1984946494469,2,-21732.831549815633,-16422.397770910295,-11111.963992004954
S10,source,regular-sensitivity,5,stress,2,negative,-172.8045219976435,-159.68901606112803,-146.5735101246126,2,-4885.78367082042,-3306.9144453984272,-1728.0452199764347
S10,source,regular-sensitivity,20,confirmatory,3,negative,-1442.2743512978666,-727.5179340106021,-308.6507014310646,3,-3086507.014310646,-2425059.7800353407,-1442274.3512978666
S10,source,regular-sensitivity,20,extended-local,2,negative,-2654.4245363645905,-2383.227000547092,-2112.029464729593,2,-704009.8215765312,-484726.13760649506,-265442.453636459
S10,source,regular-sensitivity,20,stress,2,negative,-3190.13783677965,-3081.0021621260084,-2971.8664874723663,2,-99062.21624907889,-65481.7973084377,-31901.3783677965
S10,source,regular-sensitivity,50,confirmatory,3,negative,-17937.736243660696,-12778.799371231737,-7479.047651479998,3,-74790476.51479997,-42595997.90410579,-17937736.243660692
S10,source,regular-sensitivity,50,extended-local,2,negative,-23142.84413655939,-22107.63736155864,-21072.43058655789,2,-7024143.5288526295,-4669213.971254284,-2314284.4136559386
S10,source,regular-sensitivity,50,stress,2,negative,-25046.4165974111,-24680.79251550248,-24315.168433593863,2,-810505.6144531289,-530484.8902136199,-250464.16597411098
S11,source,regular-sensitivity,1,confirmatory,3,numerical-zero,4.962055890302863e-10,5.046032618709057e-10,6.75636578091313e-10,2,5.046032618709056e-07,1.07931094598593e-06,1.6540186301009545e-06
S11,source,regular-sensitivity,1,extended-local,2,numerical-zero,1.6667447004298992e-09,3.6223121102365995e-09,5.577879520043299e-09,2,5.555815668099664e-07,5.566847594071482e-07,5.577879520043298e-07
S11,source,regular-sensitivity,1,stress,2,positive,1.6740313269244176e-08,3.630844547197573e-08,5.5876577674707276e-08,2,5.580104423081392e-07,5.58388109527606e-07,5.587657767470728e-07
S11,source,regular-sensitivity,5,confirmatory,3,negative,-3.144595535454636e-05,-9.43698376584711e-06,-3.1417766448116305e-06,3,-0.031456612552823705,-0.03144595535454636,-0.0314177664481163
S11,source,regular-sensitivity,5,extended-local,2,negative,-0.0003130078832007969,-0.0002036244336855836,-9.424098417037031e-05,2,-0.031413661390123436,-0.03135722485510156,-0.03130078832007969
S11,source,regular-sensitivity,5,stress,2,negative,-0.0029908830743974567,-0.0019601728966116986,-0.0009294627188259408,2,-0.03098209062753136,-0.030445460685752962,-0.029908830743974567
S11,source,regular-sensitivity,20,confirmatory,3,negative,-0.022782908526239824,-0.006852106812724469,-0.002285693271604737,3,-22.856932716047368,-22.840356042414896,-22.78290852623982
S11,source,regular-sensitivity,20,extended-local,2,negative,-0.22075409682142574,-0.14430820119251342,-0.06786230556360108,2,-22.62076852120036,-22.348089101671466,-22.07540968214257
S11,source,regular-sensitivity,20,stress,2,negative,-1.7094549376487658,-1.1649622766796486,-0.6204696157105313,2,-20.68232052368438,-18.888434950086015,-17.094549376487656
S11,source,regular-sensitivity,50,confirmatory,3,negative,-2.233820457719861,-0.6829731964016903,-0.22891645476762976,3,-2289.1645476762974,-2276.5773213389675,-2233.8204577198608
S11,source,regular-sensitivity,50,extended-local,2,negative,-18.166163321856818,-12.265664877000138,-6.365166432143459,2,-2121.7221440478197,-1969.1692381167506,-1816.6163321856816
S11,source,regular-sensitivity,50,stress,2,negative,-73.17652511874137,-56.43397880737721,-39.69143249601305,2,-1323.0477498671019,-1027.4065005272578,-731.7652511874136
S12,source,regular-sensitivity,1,confirmatory,3,numerical-zero,-9.879902556839613e-07,-2.9525364927307855e-07,-9.741969296866594e-08,3,-0.0009879902556839612,-0.0009841788309102619,-0.0009741969296866592
S12,source,regular-sensitivity,1,extended-local,2,negative,-9.85618442785835e-06,-6.409332183342815e-06,-2.9624799388272804e-06,2,-0.0009874933129424268,-0.0009865558778641309,-0.0009856184427858349
S12,source,regular-sensitivity,1,stress,2,negative,-9.61889329391223e-05,-6.279874932543593e-05,-2.9408565711749547e-05,2,-0.000980285523724985,-0.000971087426558104,-0.0009618893293912229
S12,source,regular-sensitivity,5,confirmatory,3,negative,-0.0008323391450162784,-0.00024995617019329817,-8.333365373333192e-05,3,-0.8333365373333191,-0.8331872339776606,-0.8323391450162783
S12,source,regular-sensitivity,5,extended-local,2,negative,-0.008215547714545282,-0.005352658057677195,-0.002489768400809108,2,-0.8299228002697027,-0.8257387858621155,-0.8215547714545282
S12,source,regular-sensitivity,5,stress,2,negative,-0.0724954862823284,-0.0482234741243676,-0.023951461966406806,2,-0.7983820655468936,-0.7616684641850888,-0.7249548628232839
S12,source,regular-sensitivity,20,confirmatory,3,negative,-0.0017551397199038166,-0.0005335076523597145,-0.00017850495945308755,3,-1.785049594530875,-1.7783588411990485,-1.7551397199038163
S12,source,regular-sensitivity,20,extended-local,2,negative,-0.014799619196858559,-0.009935251550860807,-0.005070883904863056,2,-1.6902946349543522,-1.5851282773201039,-1.4799619196858558
S12,source,regular-sensitivity,20,stress,2,negative,-0.030064989397473544,-0.0267790254654576,-0.023493061533441658,2,-1.0021663132491183,-0.6185484642917674,-0.23493061533441656
S12,source,regular-sensitivity,50,confirmatory,3,negative,-1.5587534084349377,-0.47493798648510255,-0.15902703188036962,3,-1590.2703188036958,-1583.1266216170086,-1558.7534084349375
S12,source,regular-sensitivity,50,extended-local,2,negative,-13.116918214609237,-8.799532644966455,-4.482147075323672,2,-1494.0490251078909,-1402.8704232844073,-1311.6918214609236
S12,source,regular-sensitivity,50,stress,2,negative,-57.272951291512854,-43.56090174498685,-29.848852198460854,2,-994.9617399486953,-783.8456264319118,-572.7295129151285
S13,source,analytic-zero,1,confirmatory,3,numerical-zero,0.0,0.0,0.0,0,,,
S13,source,analytic-zero,1,extended-local,2,numerical-zero,0.0,0.0,0.0,0,,,
S13,source,analytic-zero,1,stress,2,numerical-zero,0.0,0.0,0.0,0,,,
S13,source,analytic-zero,5,confirmatory,3,numerical-zero,0.0,0.0,0.0,0,,,
S13,source,analytic-zero,5,extended-local,2,numerical-zero,0.0,0.0,0.0,0,,,
S13,source,analytic-zero,5,stress,2,numerical-zero,0.0,0.0,0.0,0,,,
S13,source,analytic-zero,20,confirmatory,3,numerical-zero,0.0,0.0,0.0,0,,,
S13,source,analytic-zero,20,extended-local,2,numerical-zero,0.0,0.0,0.0,0,,,
S13,source,analytic-zero,20,stress,2,numerical-zero,0.0,0.0,0.0,0,,,
S13,source,analytic-zero,50,confirmatory,3,numerical-zero,0.0,0.0,0.0,0,,,
S13,source,analytic-zero,50,extended-local,2,numerical-zero,0.0,0.0,0.0,0,,,
S13,source,analytic-zero,50,stress,2,numerical-zero,0.0,0.0,0.0,0,,,
S14,source,low-sensitivity,1,confirmatory,3,numerical-zero,5.609426581931282e-11,1.2379005057913222e-09,6.671286745684424e-09,0,,,
S14,source,low-sensitivity,1,extended-local,2,numerical-zero,-1.0934572800138609e-12,-6.910013764116233e-13,-2.885454728093855e-13,0,,,
S14,source,low-sensitivity,1,stress,2,numerical-zero,-7.172105827816213e-14,-3.307865583346269e-14,5.5637466112367465e-15,0,,,
S14,source,low-sensitivity,5,confirmatory,3,numerical-zero,-2.2118009740489488e-11,2.0007909229129426e-09,1.8007118306216484e-08,0,,,
S14,source,low-sensitivity,5,extended-local,2,numerical-zero,-3.67235383619559e-12,-1.3323117100614923e-12,1.0077304160726056e-12,0,,,
S14,source,low-sensitivity,5,stress,2,numerical-zero,5.616567978676959e-17,4.511566814096801e-14,9.017517060214925e-14,0,,,
S14,source,low-sensitivity,20,confirmatory,3,numerical-zero,-1.9115517781327735e-09,1.1915315284859157e-10,3.2157185071649064e-10,0,,,
S14,source,low-sensitivity,20,extended-local,2,numerical-zero,6.103930643887636e-14,3.5637178195816617e-12,7.066396332724447e-12,0,,,
S14,source,low-sensitivity,20,stress,2,numerical-zero,5.272681492246741e-15,7.997658326353158e-14,1.5468048503481642e-13,0,,,
S14,source,low-sensitivity,50,confirmatory,3,numerical-zero,-7.307484885395624e-09,-5.966929183220699e-11,5.577039397158115e-12,0,,,
S14,source,low-sensitivity,50,extended-local,2,numerical-zero,-3.118922121104308e-12,-1.730436252421628e-12,-3.4195038373894834e-13,0,,,
S14,source,low-sensitivity,50,stress,2,numerical-zero,-1.667093175171218e-13,-9.206797763636002e-14,-1.7426637755598258e-14,0,,,
T01,target,regular-sensitivity,1,confirmatory,3,numerical-zero,-6.551333694340893e-08,-1.8681361886831743e-08,2.613158971631142e-10,3,-6.551333694340892e-05,-6.227120628943914e-05,2.6131589716311418e-06
T01,target,regular-sensitivity,1,extended-local,2,negative,-6.541863329268162e-07,-4.253142053027256e-07,-1.9644207767863498e-07,2,-6.5480692559545e-05,-6.544966292611331e-05,-6.541863329268162e-05
T01,target,regular-sensitivity,1,stress,2,negative,-6.463412996765701e-06,-4.210361754868776e-06,-1.957310512971852e-06,2,-6.524368376572842e-05,-6.493890686669271e-05,-6.4634129967657e-05
T01,target,regular-sensitivity,5,confirmatory,3,negative,-0.000380146506501252,-0.00011415183572812113,-3.805665785183654e-05,3,-0.38056657851836534,-0.38050611909373716,-0.3801465065012519
T01,target,regular-sensitivity,5,extended-local,2,negative,-0.003755671122470985,-0.0024465174051770486,-0.0011373636878831124,2,-0.3791212292943708,-0.3773441707707347,-0.3755671122470985
T01,target,regular-sensitivity,5,stress,2,negative,-0.03341911623791749,-0.02219504390812012,-0.01097097157832275,2,-0.3656990526107584,-0.34994510749496666,-0.3341911623791749
T01,target,regular-sensitivity,20,confirmatory,3,negative,-0.08704344051749754,-0.026261201288395306,-0.008767983340917083,3,-87.67983340917083,-87.53733762798436,-87.04344051749753
T01,target,regular-sensitivity,20,extended-local,2,negative,-0.8120448050502528,-0.5345216320483535,-0.25699845904645424,2,-85.66615301548475,-83.435316760255,-81.20448050502527
T01,target,regular-sensitivity,20,stress,2,negative,-4.920356684842117,-3.522774679269813,-2.125192673697509,2,-70.83975578991698,-60.02166131916908,-49.203566848421175
T01,target,regular-sensitivity,50,confirmatory,3,negative,-12.207380112238317,-3.930430991077732,-1.3387888317607979,3,-13387.888317607976,-13101.436636925773,-12207.380112238316
T01,target,regular-sensitivity,50,extended-local,2,negative,-69.26312881532898,-50.088261920369206,-30.913395025409432,2,-10304.465008469811,-8615.388945001356,-6926.312881532898
T01,target,regular-sensitivity,50,stress,2,negative,-164.62650836369002,-139.9148955850129,-115.2032828063358,2,-3840.1094268778606,-2743.1872552573805,-1646.2650836369003
T02,target,regular-sensitivity,1,confirmatory,3,negative,-3.2642086924886184e-05,-9.796554467316537e-06,-3.2718647756533823e-06,3,-0.03271864775653382,-0.03265518155772179,-0.03264208692488618
T02,target,regular-sensitivity,1,extended-local,2,negative,-0.00032456021609597466,-0.00021118082867203322,-9.780144124809176e-05,2,-0.032600480416030586,-0.03252825101281402,-0.032456021609597464
T02,target,regular-sensitivity,1,stress,2,negative,-0.003072381667994705,-0.0020169627436334115,-0.0009615438192721185,2,-0.03205146064240395,-0.0313876386611755,-0.030723816679947048
T02,target,regular-sensitivity,5,confirmatory,3,negative,-0.007811312907789043,-0.0023489001196336967,-0.0007835056390926783,3,-7.835056390926782,-7.829667065445656,-7.811312907789041
T02,target,regular-sensitivity,5,extended-local,2,negative,-0.075842598632456,-0.0495604687721278,-0.023278338911799597,2,-7.759446303933199,-7.671853083589399,-7.5842598632456
T02,target,regular-sensitivity,5,stress,2,negative,-0.5941144671942159,-0.4040338746137971,-0.21395328203337827,2,-7.131776067779277,-6.536460369860718,-5.941144671942159
T02,target,regular-sensitivity,20,confirmatory,3,negative,-0.58569746101478,-0.17748782441498032,-0.059334591314798964,3,-593.3459131479896,-591.6260813832678,-585.6974610147801
T02,target,regular-sensitivity,20,extended-local,2,negative,-5.201037733616769,-3.4547687873966044,-1.708499841176441,2,-569.4999470588136,-544.8018602102452,-520.1037733616768
T02,target,regular-sensitivity,20,stress,2,negative,-25.412594875521055,-19.004400806957026,-12.596206738392995,2,-419.8735579464332,-336.9997533508219,-254.12594875521054
T02,target,regular-sensitivity,50,confirmatory,3,negative,-10.650548320453076,-3.2825931025341424,-1.1028728376122021,3,-11028.728376122019,-10941.977008447142,-10650.548320453076
T02,target,regular-sensitivity,50,extended-local,2,negative,-80.24014313453588,-54.98307322171735,-29.726003308898804,2,-9908.667769632935,-8966.34104154326,-8024.014313453587
T02,target,regular-sensitivity,50,stress,2,negative,-237.47277615696746,-197.862092896116,-158.25140963526454,2,-5275.046987842152,-3824.8873747059133,-2374.7277615696744
T03,target,regular-sensitivity,1,confirmatory,3,negative,-0.0006483006056335567,-0.00019473618078996691,-6.494306441244439e-05,3,-0.6494306441244438,-0.6491206026332231,-0.6483006056335566
T03,target,regular-sensitivity,1,extended-local,2,negative,-0.006379382505173464,-0.004158639313310801,-0.0019378961214481395,2,-0.6459653738160466,-0.6419518121666965,-0.6379382505173463
T03,target,regular-sensitivity,1,stress,2,negative,-0.05512886730952492,-0.03680711075844319,-0.018485354207361446,2,-0.6161784735787149,-0.5837335733369821,-0.5512886730952492
T03,target,regular-sensitivity,5,confirmatory,3,negative,-0.18770182273350763,-0.05666317393220216,-0.0189216383312735,3,-189.21638331273496,-188.87724644067387,-187.7018227335076
T03,target,regular-sensitivity,5,extended-local,2,negative,-1.7400091006014908,-1.1466616348176197,-0.553314169033749,2,-184.43805634458298,-179.219483202366,-174.00091006014907
T03,target,regular-sensitivity,5,stress,2,negative,-10.371837405772439,-7.442929964651599,-4.514022523530758,2,-150.46741745102528,-127.09289575437484,-103.71837405772439
T03,target,regular-sensitivity,20,confirmatory,3,negative,-12.586019770286189,-3.8647287462682485,-1.2970106236439405,3,-12970.106236439402,-12882.429154227497,-12586.019770286188
T03,target,regular-sensitivity,20,extended-local,2,negative,-97.83853949333624,-66.64691383691193,-35.455288180487635,2,-11818.429393495879,-10801.14167141475,-9783.853949333623
T03,target,regular-sensitivity,20,stress,2,negative,-296.42903578959016,-247.1508199793637,-197.87260416913722,2,-6595.753472304575,-4780.021915100238,-2964.2903578959017
T03,target,regular-sensitivity,50,confirmatory,3,negative,-234.57294193624878,-74.8063988362682,-25.400052583137015,3,-254000.52583137012,-249354.6627875607,-234572.94193624877
T03,target,regular-sensitivity,50,extended-local,2,negative,-1372.530489936822,-988.6576394986666,-604.7847890605111,2,-201594.92968683704,-169423.98934025964,-137253.0489936822
T03,target,regular-sensitivity,50,stress,2,negative,-2515.6844547738015,-2330.266612836189,-2144.8487708985763,2,-71494.95902995254,-48325.90178884528,-25156.844547738012
T04,target,regular-sensitivity,1,confirmatory,3,negative,-0.001561518897621854,-0.00046938698717915393,-0.00015655591600081142,3,-1.565559160008114,-1.5646232905971797,-1.561518897621854
T04,target,regular-sensitivity,1,extended-local,2,negative,-0.015229010812662057,-0.009943609137217872,-0.0046582074617736845,2,-1.5527358205912283,-1.537818450928717,-1.5229010812662056
T04,target,regular-sensitivity,1,stress,2,negative,-0.12312100475423153,-0.0832304522607472,-0.043339899767262866,2,-1.444663325575429,-1.337936686558872,-1.2312100475423151
T04,target,regular-sensitivity,5,confirmatory,3,negative,-0.3025292091484625,-0.0916417019391371,-0.030632678467892877,3,-306.32678467892873,-305.47233979712365,-302.5292091484624
T04,target,regular-sensitivity,5,extended-local,2,negative,-2.7014818133195897,-1.7924946082633486,-0.8835074032071073,2,-294.50246773570245,-282.32532453383067,-270.14818133195894
T04,target,regular-sensitivity,5,stress,2,negative,-14.143145976498614,-10.390490230379946,-6.63783448426128,2,-221.26114947537604,-181.3463046201811,-141.43145976498613
T04,target,regular-sensitivity,20,confirmatory,3,negative,-20.93569859126511,-6.536574773327151,-2.2048743034580394,3,-22048.743034580388,-21788.58257775717,-20935.698591265103
T04,target,regular-sensitivity,20,extended-local,2,negative,-143.71466152194228,-100.2012027621999,-56.687744002457535,2,-18895.914667485846,-16633.690409840037,-14371.466152194227
T04,target,regular-sensitivity,20,stress,2,negative,-392.6314770196624,-329.7802768156864,-266.9290766117104,2,-8897.635887057015,-6411.975328626819,-3926.3147701966236
T04,target,regular-sensitivity,50,confirmatory,3,negative,-343.3897397008079,-114.25912137423943,-39.35740286795408,3,-393574.02867954073,-380863.73791413143,-343389.7397008079
T04,target,regular-sensitivity,50,extended-local,2,negative,-1658.3559307132543,-1237.7581813790155,-817.1604320447765,2,-272386.81068159215,-219111.20187645877,-165835.59307132542
T04,target,regular-sensitivity,50,stress,2,negative,-2910.260763340663,-2683.6470086901318,-2457.0332540396003,2,-81901.10846798668,-55501.858050696654,-29102.607633406627
T05,target,regular-sensitivity,1,confirmatory,3,numerical-zero,-7.014545376699127e-10,-1.145495495472673e-10,2.4837040167348523e-09,2,-7.014545376699127e-07,-5.416431847470685e-07,-3.8183183182422436e-07
T05,target,regular-sensitivity,1,extended-local,2,numerical-zero,-7.53269251913478e-09,-4.89405242753018e-09,-2.2554123359255803e-09,2,-7.532692519134779e-07,-7.525366819443357e-07,-7.518041119751935e-07
T05,target,regular-sensitivity,1,stress,2,negative,-7.519768555057363e-08,-4.889301235818811e-08,-2.258833916580258e-08,2,-7.529446388600861e-07,-7.524607471829112e-07,-7.519768555057362e-07
T05,target,regular-sensitivity,5,confirmatory,3,negative,-4.020911605923962e-05,-1.2068265081641452e-05,-4.023644881624619e-06,3,-0.04023644881624618,-0.040227550272138174,-0.04020911605923961
T05,target,regular-sensitivity,5,extended-local,2,negative,-0.00039990953399134777,-0.00026019542870344195,-0.00012048132341553612,2,-0.04016044113851204,-0.04007569726882341,-0.03999095339913478
T05,target,regular-sensitivity,5,stress,2,negative,-0.0037905414471631348,-0.0024879606138104625,-0.0011853797804577896,2,-0.03951265934859299,-0.03870903691011217,-0.03790541447163135
T05,target,regular-sensitivity,20,confirmatory,3,negative,-0.05732802414229929,-0.01727995750347031,-0.0057678173356406175,3,-57.67817335640616,-57.59985834490103,-57.328024142299284
T05,target,regular-sensitivity,20,extended-local,2,negative,-0.5408068886290907,-0.3552548858133502,-0.16970288299760977,2,-56.56762766586992,-55.32415826438949,-54.08068886290906
T05,target,regular-sensitivity,20,stress,2,negative,-3.517808431774725,-2.481384117029643,-1.4449598022845607,2,-48.1653267428187,-41.67170553028298,-35.17808431774725
T05,target,regular-sensitivity,50,confirmatory,3,negative,-49.845805630692496,-16.75831065787596,-5.791564801939697,3,-57915.64801939696,-55861.0355262532,-49845.80563069249
T05,target,regular-sensitivity,50,extended-local,2,negative,-225.85272926845946,-170.91133540639538,-115.96994154433132,2,-38656.647181443775,-30620.96005414486,-22585.272926845944
T05,target,regular-sensitivity,50,stress,2,negative,-403.10216329775,-364.6236205383458,-326.1450777789415,2,-10871.502592631387,-7451.262112804443,-4031.0216329775
T06,target,regular-sensitivity,1,confirmatory,3,negative,-6.854879183175747e-06,-2.057270297595018e-06,-6.836127230812594e-07,3,-0.006857567658650061,-0.006854879183175747,-0.006836127230812592
T06,target,regular-sensitivity,1,extended-local,2,negative,-6.820727378559347e-05,-4.4374572943462414e-05,-2.0541872101331352e-05,2,-0.0068472907004437835,-0.0068340090395015655,-0.006820727378559347
T06,target,regular-sensitivity,1,stress,2,negative,-0.0006489231374044419,-0.00042564369876986897,-0.00020236426013529597,2,-0.0067454753378431995,-0.006617353355943809,-0.0064892313740444185
T06,target,regular-sensitivity,5,confirmatory,3,negative,-0.008242462567412612,-0.002477414769916405,-0.0008262423954217553,3,-8.262423954217551,-8.258049233054685,-8.24246256741261
T06,target,regular-sensitivity,5,extended-local,2,negative,-0.08046858831317284,-0.052531641920572344,-0.02459469552797185,2,-8.198231842657284,-8.122545336987283,-8.046858831317284
T06,target,regular-sensitivity,5,stress,2,negative,-0.6471820705676682,-0.43821361089215094,-0.22924515121663377,2,-7.64150504055446,-7.05666287311557,-6.471820705676682
T06,target,regular-sensitivity,20,confirmatory,3,negative,-0.6097038631479966,-0.1846121458082709,-0.06170110712932528,3,-617.0110712932527,-615.373819360903,-609.7038631479966
T06,target,regular-sensitivity,20,extended-local,2,negative,-5.442683781562048,-3.612348396640205,-1.7820130117183617,2,-594.0043372394539,-569.1363576978292,-544.2683781562047
T06,target,regular-sensitivity,20,stress,2,negative,-24.195017801952424,-18.628448323673815,-13.061878845395206,2,-435.39596151317363,-338.67306976634893,-241.95017801952423
T06,target,regular-sensitivity,50,confirmatory,3,negative,-9.598442023102784,-2.948819941200399,-0.9897200710796707,3,-9897.200710796706,-9829.39980400133,-9598.442023102783
T06,target,regular-sensitivity,50,extended-local,2,negative,-73.01100125043384,-49.98806906042671,-26.96513687041959,2,-8988.378956806531,-8144.739540924957,-7301.100125043382
T06,target,regular-sensitivity,50,stress,2,negative,-178.2327052778675,-157.7171523907199,-137.20159950357228,2,-4573.386650119077,-3177.856851448876,-1782.3270527786747
T07,target,regular-sensitivity,1,confirmatory,3,negative,-0.0012102700380934761,-0.00036376629215285655,-0.00012131396150059138,3,-1.2131396150059135,-1.2125543071761886,-1.2102700380934759
T07,target,regular-sensitivity,1,extended-local,2,negative,-0.011817743149908024,-0.007714566619290969,-0.0036113900886739153,2,-1.2037966962246385,-1.1927855056077203,-1.1817743149908022
T07,target,regular-sensitivity,1,stress,2,negative,-0.09639782031213996,-0.06505571122876411,-0.033713602145388245,2,-1.1237867381796083,-1.0438824706505039,-0.9639782031213996
T07,target,regular-sensitivity,5,confirmatory,3,negative,-0.21066833135678548,-0.0638908225216096,-0.021363820528699926,3,-213.63820528699924,-212.96940840536536,-210.66833135678547
T07,target,regular-sensitivity,5,extended-local,2,negative,-1.8561553369306962,-1.234697005791446,-0.6132386746521956,2,-204.41289155073187,-195.01421262190075,-185.6155336930696
T07,target,regular-sensitivity,5,stress,2,negative,-9.137045222216482,-6.799649243317882,-4.4622532644192825,2,-148.74177548064276,-120.0561138514038,-91.37045222216483
T07,target,regular-sensitivity,20,confirmatory,3,negative,-27.799643531558075,-8.995453397449122,-3.0687687754778663,3,-30687.687754778657,-29984.84465816374,-27799.643531558075
T07,target,regular-sensitivity,20,extended-local,2,negative,-151.4896838761029,-110.53009177020395,-69.570499664305,2,-23190.166554768333,-19169.56747118931,-15148.968387610288
T07,target,regular-sensitivity,20,stress,2,negative,-319.96371791010097,-280.1554066820627,-240.34709545402438,2,-8011.569848467481,-5605.603513784245,-3199.637179101009
T07,target,regular-sensitivity,50,confirmatory,3,negative,-2385.618100791451,-1138.7082090198091,-465.55592659929886,3,-4655559.265992988,-3795694.0300660306,-2385618.100791451
T07,target,regular-sensitivity,50,extended-local,2,negative,-4698.072450000632,-4172.792552175038,-3647.5126543494434,2,-1215837.5514498146,-842822.3982249389,-469807.24500006315
T07,target,regular-sensitivity,50,stress,2,negative,-5592.092093406816,-5429.601207429838,-5267.110321452859,2,-175570.34404842867,-115745.63249124843,-55920.92093406816
T08,target,regular-sensitivity,1,confirmatory,3,negative,-0.00012483425567683175,-3.748128093046343e-05,-1.2501533098794868e-05,3,-0.12501533098794865,-0.12493760310154478,-0.12483425567683175
T08,target,regular-sensitivity,1,extended-local,2,negative,-0.0012353514611080712,-0.0008044910695587232,-0.00037363067800937506,2,-0.12454355933645835,-0.12403935272363273,-0.12353514611080711
T08,target,regular-sensitivity,1,stress,2,negative,-0.011166187337949445,-0.007394001640781497,-0.003621815943613549,2,-0.12072719812045164,-0.11619453574997304,-0.11166187337949444
T08,target,regular-sensitivity,5,confirmatory,3,negative,-0.07506456908765101,-0.022603361019771725,-0.007542481624899906,3,-75.42481624899905,-75.34453673257242,-75.06456908765101
T08,target,regular-sensitivity,5,extended-local,2,negative,-0.7165774574924635,-0.46970445978014297,-0.22283146206782248,2,-74.27715402260749,-72.96744988592692,-71.65774574924635
T08,target,regular-sensitivity,5,stress,2,negative,-4.9418274534701965,-3.4481701179574173,-1.9545127824446378,2,-65.15042608148794,-57.28435030809495,-49.418274534701965
T08,target,regular-sensitivity,20,confirmatory,3,negative,-4.962143786481593,-1.5136412976160274,-0.5069785858515266,3,-5069.785858515264,-5045.470992053425,-4962.1437864815925
T08,target,regular-sensitivity,20,extended-local,2,negative,-40.86445268371484,-27.539522305984153,-14.21459192825347,2,-4738.197309417824,-4412.321288894654,-4086.4452683714835
T08,target,regular-sensitivity,20,stress,2,negative,-132.75376818876578,-109.79998017558292,-86.84619216240006,2,-2894.873072080002,-2111.20537698383,-1327.5376818876578
T08,target,regular-sensitivity,50,confirmatory,3,negative,-63.36597814021706,-19.807257334970267,-6.682109852407286,3,-66821.09852407285,-66024.19111656757,-63365.978140217056
T08,target,regular-sensitivity,50,extended-local,2,negative,-408.7594701622268,-289.48100149501045,-170.20253282779402,2,-56734.177609264676,-48805.06231274368,-40875.94701622268
T08,target,regular-sensitivity,50,stress,2,negative,-718.7175255802409,-678.6606919303713,-638.6038582805016,2,-21286.795276016725,-14236.985265909567,-7187.175255802408
T09,target,regular-sensitivity,1,confirmatory,3,negative,-6.962651314770665e-05,-2.09026351157939e-05,-6.962371287187906e-06,3,-0.06967545038597968,-0.06962651314770663,-0.06962371287187905
T09,target,regular-sensitivity,1,extended-local,2,negative,-0.0006897077006003277,-0.0004490731194997465,-0.00020843853839916526,2,-0.06947951279972175,-0.06922514142987726,-0.06897077006003276
T09,target,regular-sensitivity,1,stress,2,negative,-0.006312527344822806,-0.0041697267073623305,-0.0020269260699018556,2,-0.06756420233006186,-0.06534473788914495,-0.06312527344822805
T09,target,regular-sensitivity,5,confirmatory,3,negative,-0.010408630110571793,-0.0031343164639505683,-0.0010459068557320266,3,-10.459068557320265,-10.447721546501896,-10.408630110571792
T09,target,regular-sensitivity,5,extended-local,2,negative,-0.09937433251482822,-0.065135664332124,-0.030896996149419778,2,-10.298998716473259,-10.11821598397804,-9.93743325148282
T09,target,regular-sensitivity,5,stress,2,negative,-0.7062081042790733,-0.4890064380649557,-0.271804771850838,2,-9.0601590616946,-8.061120052242666,-7.062081042790733
T09,target,regular-sensitivity,20,confirmatory,3,negative,-0.45846255717045814,-0.14010330986896732,-0.04695348872706193,3,-469.53488727061927,-467.0110328965577,-458.4625571704581
T09,target,regular-sensitivity,20,extended-local,2,negative,-3.7668143289423544,-2.5377351822982224,-1.3086560356540906,2,-436.21867855136355,-406.45005572279945,-376.6814328942354
T09,target,regular-sensitivity,20,stress,2,negative,-16.812468217463653,-12.638633550084789,-8.464798882705924,2,-282.15996275686416,-225.14232246575034,-168.12468217463655
T09,target,regular-sensitivity,50,confirmatory,3,negative,-7.742377865954057,-2.43234325049687,-0.8222502829256134,3,-8222.502829256133,-8107.8108349895665,-7742.377865954056
T09,target,regular-sensitivity,50,extended-local,2,negative,-52.10653880455329,-36.42780025463812,-20.749061704722955,2,-6916.353901574319,-6063.503891014823,-5210.653880455328
T09,target,regular-sensitivity,50,stress,2,negative,-153.91955691376654,-125.67401487049926,-97.42847282723199,2,-3247.6157609077336,-2393.4056650226994,-1539.1955691376654
T10,target,regular-sensitivity,1,confirmatory,3,negative,-9.627643415618515e-06,-2.8889200336193917e-06,-9.683244194508675e-07,3,-0.009683244194508674,-0.009629733445397972,-0.009627643415618514
T10,target,regular-sensitivity,1,extended-local,2,negative,-9.590319843610101e-05,-6.238057789775041e-05,-2.8857957359399816e-05,2,-0.009619319119799939,-0.00960481948170502,-0.0095903198436101
T10,target,regular-sensitivity,1,stress,2,negative,-0.0009229640640366413,-0.0006041056470363498,-0.0002852472300360582,2,-0.009508241001201942,-0.009368940820784178,-0.009229640640366413
T10,target,regular-sensitivity,5,confirmatory,3,negative,-0.005876699548393364,-0.0017658390818587593,-0.0005888897758263951,3,-5.88889775826395,-5.886130272862531,-5.876699548393363
T10,target,regular-sensitivity,5,extended-local,2,negative,-0.057583848612018214,-0.03756681918697444,-0.017549789761930664,2,-5.849929920643555,-5.804157390922688,-5.7583848612018205
T10,target,regular-sensitivity,5,stress,2,negative,-0.4812474936815732,-0.32333067162044715,-0.16541384955932106,2,-5.513794985310702,-5.163134961063218,-4.8124749368157325
T10,target,regular-sensitivity,20,confirmatory,3,negative,-0.44320044232326417,-0.13390265277012656,-0.044724884012672064,3,-447.24884012672055,-446.34217590042186,-443.20044232326416
T10,target,regular-sensitivity,20,extended-local,2,negative,-4.06722609672127,-2.6853430404147938,-1.3034599841083183,2,-434.48666136943945,-420.6046355207832,-406.72260967212696
T10,target,regular-sensitivity,20,stress,2,negative,-22.549366566573916,-16.446266238505213,-10.343165910436511,2,-344.77219701455044,-285.1329313401448,-225.49366566573914
T10,target,regular-sensitivity,50,confirmatory,3,negative,-8.039319402258815,-2.4565699294167884,-0.8232370258740702,3,-8232.3702587407,-8188.566431389295,-8039.319402258814
T10,target,regular-sensitivity,50,extended-local,2,negative,-65.42185305608506,-44.177781291227745,-22.93370952637044,2,-7644.56984212348,-7093.377573865993,-6542.185305608506
T10,target,regular-sensitivity,50,stress,2,negative,-228.80705309019925,-184.330881971103,-139.85471085200675,2,-4661.823695066892,-3474.947112984442,-2288.0705309019922
T11,target,regular-sensitivity,1,confirmatory,3,negative,-3.617060254400315e-05,-1.0855529553303101e-05,-3.6197962282292587e-06,3,-0.03619796228229258,-0.03618509851101034,-0.03617060254400315
T11,target,regular-sensitivity,1,extended-local,2,negative,-0.0003597671790633064,-0.00023407457290968567,-0.00010838196675606496,2,-0.03612732225202166,-0.03605202007917614,-0.035976717906330634
T11,target,regular-sensitivity,1,stress,2,negative,-0.00341584930706267,-0.0022412362606894186,-0.0010666232143161666,2,-0.03555410714387222,-0.03485630010724946,-0.0341584930706267
T11,target,regular-sensitivity,5,confirmatory,3,negative,-0.010468116630580993,-0.00314881243038345,-0.0010503902465744256,3,-10.503902465744256,-10.496041434611502,-10.468116630580992
T11,target,regular-sensitivity,5,extended-local,2,negative,-0.10123794297703034,-0.06620284969594792,-0.0311677564148655,2,-10.3892521382885,-10.256523217995767,-10.123794297703032
T11,target,regular-sensitivity,5,stress,2,negative,-0.7710541471838019,-0.527200916781511,-0.2833476863792201,2,-9.444922879307338,-8.57773217557268,-7.710541471838019
T11,target,regular-sensitivity,20,confirmatory,3,negative,-1.17258862355293,-0.3575709926499837,-0.1197559872585096,3,-1197.5598725850957,-1191.9033088332792,-1172.58862355293
T11,target,regular-sensitivity,20,extended-local,2,negative,-9.758832215861647,-6.561227681763226,-3.3636231476648044,2,-1121.2077158882682,-1048.5454687372164,-975.8832215861645
T11,target,regular-sensitivity,20,stress,2,negative,-40.17595431147847,-30.951798041925542,-21.72764177237261,2,-724.2547257457538,-563.0071344302693,-401.7595431147847
T11,target,regular-sensitivity,50,confirmatory,3,negative,-64.01151386704136,-21.112998492837356,-7.248230923153882,3,-72482.3092315388,-70376.6616427912,-64011.51386704136
T11,target,regular-sensitivity,50,extended-local,2,negative,-314.99324692250445,-234.57315133795734,-154.15305575341023,2,-51384.35191780341,-41441.838305026926,-31499.32469225044
T11,target,regular-sensitivity,50,stress,2,negative,-603.9515393070808,-538.0440909609945,-472.1366426149082,2,-15737.88808716361,-10888.701740117209,-6039.515393070808
T12,target,regular-sensitivity,1,confirmatory,3,negative,-4.434434683033693,-1.4607913840706415,-0.5013032289036762,3,-5013.032289036761,-4869.3046135688055,-4434.434683033693
T12,target,regular-sensitivity,1,extended-local,2,negative,-21.986207177244587,-16.347441428277055,-10.708675679309524,2,-3569.558559769841,-2884.08963874715,-2198.6207177244587
T12,target,regular-sensitivity,1,stress,2,negative,-41.87462827599324,-37.44623354726646,-33.01783881853968,2,-1100.5946272846563,-759.6704550222944,-418.7462827599324
T12,target,regular-sensitivity,5,confirmatory,3,negative,-345.84614241194197,-138.75292599466476,-51.54867409817969,3,-515486.7409817968,-462509.7533155492,-345846.14241194195
T12,target,regular-sensitivity,5,extended-local,2,negative,-924.1929815949868,-775.3762548200989,-626.5595280452111,2,-208853.17601507035,-150636.2370872845,-92419.29815949868
T12,target,regular-sensitivity,5,stress,2,negative,-1224.1096700833186,-1167.6907949979022,-1111.271919912486,2,-37042.39733041621,-24641.747015624693,-12241.096700833185
T12,target,regular-sensitivity,20,confirmatory,3,negative,-11500.675978501036,-5532.12536711625,-2274.0605108444893,3,-22740605.10844489,-18440417.8903875,-11500675.978501035
T12,target,regular-sensitivity,20,extended-local,2,negative,-22382.941127332433,-19933.30204112523,-17483.662954918025,2,-5827887.651639342,-4033090.8821862927,-2238294.112733243
T12,target,regular-sensitivity,20,stress,2,negative,-25745.570205733733,-25273.47137014576,-24801.372534557784,2,-826712.417818593,-542084.0599379651,-257455.7020573373
T12,target,regular-sensitivity,50,confirmatory,3,negative,-256338.6065246225,-130816.44938013077,-55383.23979555276,3,-553832397.9555275,-436054831.2671026,-256338606.52462247
T12,target,regular-sensitivity,50,extended-local,2,negative,-406367.0861399594,-381715.5047282403,-357063.92331652116,2,-119021307.77217372,-79829008.19308484,-40636708.61399594
T12,target,regular-sensitivity,50,stress,2,negative,-417370.569951279,-416746.8052710305,-416123.0405907821,2,-13870768.01969274,-9022236.859602764,-4173705.6995127895
T13,target,analytic-zero,1,confirmatory,3,numerical-zero,0.0,0.0,0.0,0,,,
T13,target,analytic-zero,1,extended-local,2,numerical-zero,0.0,0.0,0.0,0,,,
T13,target,analytic-zero,1,stress,2,numerical-zero,0.0,6.661338147750938e-15,1.3322676295501875e-14,0,,,
T13,target,analytic-zero,5,confirmatory,3,numerical-zero,0.0,0.0,0.0,0,,,
T13,target,analytic-zero,5,extended-local,2,numerical-zero,0.0,0.0,0.0,0,,,
T13,target,analytic-zero,5,stress,2,numerical-zero,0.0,8.881784197001252e-15,1.7763568394002505e-14,0,,,
T13,target,analytic-zero,20,confirmatory,3,numerical-zero,0.0,0.0,0.0,0,,,
T13,target,analytic-zero,20,extended-local,2,numerical-zero,0.0,0.0,0.0,0,,,
T13,target,analytic-zero,20,stress,2,numerical-zero,0.0,8.881784197001252e-15,1.7763568394002505e-14,0,,,
T13,target,analytic-zero,50,confirmatory,3,numerical-zero,0.0,0.0,0.0,0,,,
T13,target,analytic-zero,50,extended-local,2,numerical-zero,0.0,0.0,0.0,0,,,
T13,target,analytic-zero,50,stress,2,numerical-zero,0.0,8.881784197001252e-15,1.7763568394002505e-14,0,,,
T14,target,low-sensitivity,1,confirmatory,3,numerical-zero,-2.9396107479735317e-26,6.74168477916151e-11,2.4969202885783376e-10,0,,,
T14,target,low-sensitivity,1,extended-local,2,numerical-zero,3.3175138130250296e-13,4.041273315821231e-12,7.75079525033996e-12,0,,,
T14,target,low-sensitivity,1,stress,2,numerical-zero,6.44343282525187e-15,2.124753762635368e-14,3.605164242745549e-14,0,,,
T14,target,low-sensitivity,5,confirmatory,3,numerical-zero,-6.528857900458163e-11,1.3464195578119244e-09,4.714248159169549e-09,0,,,
T14,target,low-sensitivity,5,extended-local,2,numerical-zero,-8.312796613708244e-12,-3.5947874681935367e-12,1.1232216773211713e-12,0,,,
T14,target,low-sensitivity,5,stress,2,numerical-zero,-7.033531253983749e-14,-4.258579928574679e-14,-1.4836286031656085e-14,0,,,
T14,target,low-sensitivity,20,confirmatory,3,numerical-zero,-4.827156544586356e-10,5.293318994459318e-11,9.990868947579192e-09,0,,,
T14,target,low-sensitivity,20,extended-local,2,numerical-zero,-9.725635154226267e-13,7.402937130916412e-12,1.577843777725545e-11,0,,,
T14,target,low-sensitivity,20,stress,2,numerical-zero,-2.0237380326147932e-13,-1.0096286941570637e-13,4.480644300665619e-16,0,,,
T14,target,low-sensitivity,50,confirmatory,3,numerical-zero,-7.1622725938261576e-12,6.32035836850559e-10,1.838739272637845e-09,0,,,
T14,target,low-sensitivity,50,extended-local,2,numerical-zero,-2.2765090196793307e-13,3.540751212989406e-12,7.309153327946745e-12,0,,,
T14,target,low-sensitivity,50,stress,2,numerical-zero,-1.2538755283906676e-13,-5.729973806619124e-14,1.0788076706684279e-14,0,,,
