landscape_id,split,stratum,horizon,region,epsilon_count,epsilon_minimum,epsilon_maximum,endpoint_residual_sign,endpoint_quadratic_scale_minimum,endpoint_quadratic_scale_median,endpoint_quadratic_scale_maximum,endpoint_quadratic_scale_relative_range,endpoint_relative_residual_median,max_path_residual_sign,max_path_quadratic_scale_minimum,max_path_quadratic_scale_median,max_path_quadratic_scale_maximum,max_path_quadratic_scale_relative_range,max_path_relative_residual_median
S01,source,regular-sensitivity,1,confirmatory,3,0.0001,0.001,numerical-zero,-3.348829460264602e-09,-4.993353338836018e-10,2.596664203102783e-11,6.758576598311217,-3.349026337004872e-13,numerical-zero,-3.348829460264602e-09,-4.993353338836018e-10,2.596664203102783e-11,6.758576598311217,-3.349026337004872e-13
S01,source,regular-sensitivity,1,extended-local,2,0.003,0.01,numerical-zero,-1.8214596497756474e-13,1.1497361704668504e-12,2.4816183059112656e-12,1.3318821354444152,6.285989119878868e-15,numerical-zero,-1.8214596497756474e-13,1.1497361704668504e-12,2.4816183059112656e-12,1.3318821354444152,6.285989119878868e-15
S01,source,regular-sensitivity,1,stress,2,0.03,0.1,numerical-zero,-5.782411586589357e-14,-2.960594732333751e-14,-1.3877787807814455e-15,0.028218168542556064,-2.0942524162886923e-15,numerical-zero,-5.782411586589357e-14,-2.960594732333751e-14,-1.3877787807814455e-15,0.028218168542556064,-2.0942524162886923e-15
S01,source,regular-sensitivity,5,confirmatory,3,0.0001,0.001,negative,-6.1334443718526455,-6.131271183051786,-6.12367217528594,0.0015938287958486615,-0.0010783452884245476,negative,-6.1334443718526455,-6.131271183051786,-6.12367217528594,0.0015938287958486615,-0.0010783452884245476
S01,source,regular-sensitivity,5,extended-local,2,0.003,0.01,negative,-6.102021758140638,-6.064486820368211,-6.0269518825957835,0.012378603131385238,-0.023032638303475184,negative,-6.102021758140638,-6.064486820368211,-6.0269518825957835,0.012378603131385238,-0.023032638303475184
S01,source,regular-sensitivity,5,stress,2,0.03,0.1,negative,-5.818387642118786,-5.485508782864061,-5.152629923609336,0.12136663067411022,-0.20220340527190367,negative,-5.818387642118786,-5.485508782864061,-5.152629923609336,0.12136663067411022,-0.20220340527190367
S01,source,regular-sensitivity,20,confirmatory,3,0.0001,0.001,positive,31.34462869498235,31.74426133104817,31.859445833533254,0.016217644291107662,0.005886255533342471,negative,-14.662454281646509,-14.651409162259272,-14.612841310472028,0.003386225217317639,-0.0021513366169121995
S01,source,regular-sensitivity,20,extended-local,2,0.003,0.01,positive,26.65759702912971,28.444924652501477,30.232252275873243,0.1256693519288044,0.1104135823157006,negative,-14.503414053919823,-14.316296022589812,-14.129177991259802,0.02614056471516868,-0.045225610788811856
S01,source,regular-sensitivity,20,stress,2,0.03,0.1,positive,5.0158129600266514,11.83802334518313,18.66023373033961,1.152592825039904,0.3280174399252458,positive,0.76352746919702,2.624738115052259,4.485948760907498,1.4182067423653673,0.05162006718405611
S01,source,regular-sensitivity,50,confirmatory,3,0.0001,0.001,negative,-188.21352661059672,-188.21059542193785,-188.19143156362586,0.00011739534068912347,-0.0026032600805204775,negative,-188.21352661059672,-188.21059542193785,-188.19143156362586,0.00011739534068912347,-0.0026032600805204775
S01,source,regular-sensitivity,50,extended-local,2,0.003,0.01,negative,-188.0617405886415,-187.42552741889796,-186.78931424915444,0.006788970302018513,-0.056066029865598,negative,-188.0617405886415,-187.42552741889796,-186.78931424915444,0.006788970302018513,-0.056066029865598
S01,source,regular-sensitivity,50,stress,2,0.03,0.1,negative,-177.64510520303824,-152.91064710647015,-128.17618900990203,0.3235151843853718,-0.41833712773195275,negative,-177.64510520303824,-152.91064710647015,-128.17618900990203,0.3235151843853718,-0.41833712773195275
S02,source,regular-sensitivity,1,confirmatory,3,0.0001,0.001,numerical-zero,-7.039923758690985e-09,-4.96267192319103e-10,7.316331785203745e-11,14.333180163095008,-1.1863897638763966e-11,numerical-zero,-7.039923758690985e-09,-4.96267192319103e-10,7.316331785203745e-11,14.333180163095008,-1.1863897638763966e-11
S02,source,regular-sensitivity,1,extended-local,2,0.003,0.01,numerical-zero,-2.8385015210210775e-13,1.8563950531112913e-13,6.551291627243661e-13,0.46948965741323695,2.2709925508558313e-13,numerical-zero,-2.8385015210210775e-13,1.8563950531112913e-13,6.551291627243661e-13,0.46948965741323695,2.2709925508558313e-13
S02,source,regular-sensitivity,1,stress,2,0.03,0.1,numerical-zero,4.423544863740857e-15,4.970585093213822e-14,9.498815700053558e-14,0.045282306068397365,1.3116570434014907e-13,numerical-zero,4.423544863740857e-15,4.970585093213822e-14,9.498815700053558e-14,0.045282306068397365,1.3116570434014907e-13
S02,source,regular-sensitivity,5,confirmatory,3,0.0001,0.001,negative,-0.08583745419234742,-0.085835042904053,-0.08582660636003077,0.00012637999527512567,-0.00013297187599043764,negative,-0.08583745419234742,-0.085835042904053,-0.08582660636003077,0.00012637999527512567,-0.00013297187599043764
S02,source,regular-sensitivity,5,extended-local,2,0.003,0.01,negative,-0.08580249041550718,-0.085760250284049,-0.08571801015259083,0.0009850748177220067,-0.00287778346878767,negative,-0.08580249041550718,-0.085760250284049,-0.08571801015259083,0.0009850748177220067,-0.00287778346878767
S02,source,regular-sensitivity,5,stress,2,0.03,0.1,negative,-0.08547600372465912,-0.0850488804652671,-0.08462175720587507,0.010044182993483496,-0.02846950126553012,negative,-0.08547600372465912,-0.0850488804652671,-0.08462175720587507,0.010044182993483496,-0.02846950126553012
S02,source,regular-sensitivity,20,confirmatory,3,0.0001,0.001,negative,-4.6112201988876205,-4.610756253546179,-4.609129126047131,0.00045352057786203633,-0.0005416476997289279,negative,-4.6112201988876205,-4.610756253546179,-4.609129126047131,0.00045352057786203633,-0.0005416476997289279
S02,source,regular-sensitivity,20,extended-local,2,0.003,0.01,negative,-4.604452093303736,-4.596106355621286,-4.5877606179388355,0.00363165559571648,-0.01168697379662282,negative,-4.604452093303736,-4.596106355621286,-4.5877606179388355,0.00363165559571648,-0.01168697379662282
S02,source,regular-sensitivity,20,stress,2,0.03,0.1,negative,-4.537460709959409,-4.436978279868737,-4.336495849778065,0.04529318096803692,-0.11155670129640527,negative,-4.537460709959409,-4.436978279868737,-4.336495849778065,0.04529318096803692,-0.11155670129640527
S02,source,regular-sensitivity,50,confirmatory,3,0.0001,0.001,negative,-18.722120638081652,-18.701836973235338,-18.69601308331298,0.0013959887900870228,-0.0006903256392729405,negative,-18.722120638081652,-18.701836973235338,-18.69601308331298,0.0013959887900870228,-0.0006903256392729405
S02,source,regular-sensitivity,50,extended-local,2,0.003,0.01,negative,-18.968875812422347,-18.874044857032835,-18.779213901643327,0.010048821660416245,-0.015135619385334557,negative,-18.968875812422347,-18.874044857032835,-18.779213901643327,0.010048821660416245,-0.015135619385334557
S02,source,regular-sensitivity,50,stress,2,0.03,0.1,negative,-19.933632424635334,-19.677258063674692,-19.420883702714054,0.026057935524454134,-0.1584756777209813,negative,-19.933632424635334,-19.677258063674692,-19.420883702714054,0.026057935524454134,-0.1584756777209813
S03,source,regular-sensitivity,1,confirmatory,3,0.0001,0.001,numerical-zero,2.42861286636753e-11,1.043544591017298e-10,6.517259725718422e-10,6.012582972582973,3.299170038403051e-14,numerical-zero,2.42861286636753e-11,1.043544591017298e-10,6.517259725718422e-10,6.012582972582973,3.299170038403051e-14
S03,source,regular-sensitivity,1,extended-local,2,0.003,0.01,numerical-zero,-2.0816681711721685e-13,8.866364432770345e-14,3.854941057726238e-13,0.29683046144492037,-6.284133406482002e-16,numerical-zero,-2.0816681711721685e-13,8.866364432770345e-14,3.854941057726238e-13,0.29683046144492037,-6.284133406482002e-16
S03,source,regular-sensitivity,1,stress,2,0.03,0.1,numerical-zero,-2.312964634635743e-14,-1.295260195396016e-14,-2.775557561562891e-15,0.010177044392397269,-6.598340076806101e-16,numerical-zero,-2.312964634635743e-14,-1.295260195396016e-14,-2.775557561562891e-15,0.010177044392397269,-6.598340076806101e-16
S03,source,regular-sensitivity,5,confirmatory,3,0.0001,0.001,negative,-7.239215298943851,-7.23781202994919,-7.232902655369099,0.0008721756725141625,-0.000589954926492849,negative,-7.239215298943851,-7.23781202994919,-7.232902655369099,0.0008721756725141625,-0.000589954926492849
S03,source,regular-sensitivity,5,extended-local,2,0.003,0.01,negative,-7.218893087276201,-7.194476645962218,-7.170060204648235,0.0067875517610266915,-0.012682605324168077,negative,-7.218893087276201,-7.194476645962218,-7.170060204648235,0.0067875517610266915,-0.012682605324168077
S03,source,regular-sensitivity,5,stress,2,0.03,0.1,negative,-7.032252160910804,-6.800985010970638,-6.569717861030471,0.06800989843886168,-0.11790973429069394,negative,-7.032252160910804,-6.800985010970638,-6.569717861030471,0.06800989843886168,-0.11790973429069394
S03,source,regular-sensitivity,20,confirmatory,3,0.0001,0.001,negative,-130.54166719435324,-130.40021750403415,-129.9067013081842,0.004869362170729382,-0.002663619254298022,negative,-130.54166719435324,-130.40021750403415,-129.9067013081842,0.004869362170729382,-0.002663619254298022
S03,source,regular-sensitivity,20,extended-local,2,0.003,0.01,negative,-128.50992762215466,-126.14147927861282,-123.77303093507096,0.037552252551447896,-0.0552625207626601,negative,-128.50992762215466,-126.14147927861282,-123.77303093507096,0.037552252551447896,-0.0552625207626601
S03,source,regular-sensitivity,20,stress,2,0.03,0.1,negative,-111.46300373787938,-95.66119171343965,-79.85937968899992,0.33037037781789824,-0.38571444130708976,negative,-111.46300373787938,-95.66119171343965,-79.85937968899992,0.33037037781789824,-0.38571444130708976
S03,source,regular-sensitivity,50,confirmatory,3,0.0001,0.001,negative,-749.9912525835498,-748.1360303928823,-741.6837170464361,0.01110431151504765,-0.006201307402151425,negative,-749.9912525835498,-748.1360303928823,-741.6837170464361,0.01110431151504765,-0.006201307402151425
S03,source,regular-sensitivity,50,extended-local,2,0.003,0.01,negative,-723.5986515914641,-693.9605717303647,-664.3224918692653,0.08541718670614952,-0.12176585243159715,negative,-723.5986515914641,-693.9605717303647,-664.3224918692653,0.08541718670614952,-0.12176585243159715
S03,source,regular-sensitivity,50,stress,2,0.03,0.1,negative,-526.595314507395,-402.9267258547486,-279.25813720210226,0.6138515055823214,-0.6040433089101005,negative,-526.595314507395,-402.9267258547486,-279.25813720210226,0.6138515055823214,-0.6040433089101005
S04,source,regular-sensitivity,1,confirmatory,3,0.0001,0.001,numerical-zero,-4.228388472693467e-12,5.643874642327321e-10,6.549936374528054e-09,11.612881536819636,3.1980017719396956e-13,numerical-zero,-4.228388472693467e-12,5.643874642327321e-10,6.549936374528054e-09,11.612881536819636,3.1980017719396956e-13
S04,source,regular-sensitivity,1,extended-local,2,0.003,0.01,numerical-zero,3.469446951953614e-13,2.5587171270657905e-12,4.7704895589362195e-12,1.728813559322034,1.679206906930982e-14,numerical-zero,3.469446951953614e-13,2.5587171270657905e-12,4.7704895589362195e-12,1.728813559322034,1.679206906930982e-14
S04,source,regular-sensitivity,1,stress,2,0.03,0.1,numerical-zero,-3.4694469519536134e-15,3.6814687101285573e-14,7.709882115452476e-14,0.04028413405323919,1.856684059696045e-15,numerical-zero,-3.4694469519536134e-15,3.6814687101285573e-14,7.709882115452476e-14,0.04028413405323919,1.856684059696045e-15
S04,source,regular-sensitivity,5,confirmatory,3,0.0001,0.001,negative,-3.3400591659973022,-3.339610338637235,-3.3380400441280353,0.000604598041246578,-0.0003736119280205896,negative,-3.3400591659973022,-3.339610338637235,-3.3380400441280353,0.000604598041246578,-0.0003736119280205896
S04,source,regular-sensitivity,5,extended-local,2,0.003,0.01,negative,-3.333558976745524,-3.32574900501158,-3.317939033277636,0.004696669365111477,-0.008051132989752775,negative,-3.333558976745524,-3.32574900501158,-3.317939033277636,0.004696669365111477,-0.008051132989752775
S04,source,regular-sensitivity,5,stress,2,0.03,0.1,negative,-3.273850963059889,-3.199728243437106,-3.1256055238143228,0.046330634343597576,-0.07659119285747717,negative,-3.273850963059889,-3.199728243437106,-3.1256055238143228,0.046330634343597576,-0.07659119285747717
S04,source,regular-sensitivity,20,confirmatory,3,0.0001,0.001,negative,-77.83046866534013,-77.74154242302511,-77.43174304022764,0.005128861773064048,-0.002358502507212222,negative,-77.83046866534013,-77.74154242302511,-77.43174304022764,0.005128861773064048,-0.002358502507212222
S04,source,regular-sensitivity,20,extended-local,2,0.003,0.01,negative,-76.55878584541894,-75.09883501915783,-73.63888419289671,0.03888078492532349,-0.048847054055755845,negative,-76.55878584541894,-75.09883501915783,-73.63888419289671,0.03888078492532349,-0.048847054055755845
S04,source,regular-sensitivity,20,stress,2,0.03,0.1,negative,-66.30829736694025,-57.44988375362293,-48.591470140305596,0.3083875208975926,-0.3462747303383216,negative,-66.30829736694025,-57.429308275913684,-48.550319184887115,0.30921455812660337,-0.34606665919106516
S04,source,regular-sensitivity,50,confirmatory,3,0.0001,0.001,negative,-529.886589239071,-527.7883039161181,-520.5637853113072,0.017663907780050815,-0.00788327208347106,negative,-529.886589239071,-527.7883039161181,-520.5637853113072,0.017663907780050815,-0.00788327208347106
S04,source,regular-sensitivity,50,extended-local,2,0.003,0.01,negative,-500.8952544083004,-471.304426121722,-441.71359783514356,0.12556991467309542,-0.14736832024073138,negative,-500.8952544083004,-471.304426121722,-441.71359783514356,0.12556991467309542,-0.14736832024073138
S04,source,regular-sensitivity,50,stress,2,0.03,0.1,negative,-327.16743886427474,-245.56791656773078,-163.96839427118684,0.6645780396482516,-0.6525193374639684,negative,-327.16743886427474,-238.84112447916175,-150.51481009404873,0.7396240038454454,-0.6190279218782992
S05,source,regular-sensitivity,1,confirmatory,3,0.0001,0.001,numerical-zero,-3.0387777556607614e-10,2.0328790734103208e-11,3.2587051546767443e-09,175.24814814814815,4.546497260878207e-14,numerical-zero,-3.0387777556607614e-10,2.0328790734103208e-11,3.2587051546767443e-09,175.24814814814815,4.546497260878207e-14
S05,source,regular-sensitivity,1,extended-local,2,0.003,0.01,numerical-zero,-5.5655711520922556e-12,-2.392472793951346e-12,7.806255641895632e-13,2.6525679758308156,-9.94167401045368e-15,numerical-zero,-5.5655711520922556e-12,-2.392472793951346e-12,7.806255641895632e-13,2.6525679758308156,-9.94167401045368e-15
S05,source,regular-sensitivity,1,stress,2,0.03,0.1,numerical-zero,0.0,7.709882115452476e-15,1.5419764230904952e-14,0.007709882115452476,5.172903550154761e-16,numerical-zero,0.0,7.709882115452476e-15,1.5419764230904952e-14,0.007709882115452476,5.172903550154761e-16
S05,source,regular-sensitivity,5,confirmatory,3,0.0001,0.001,negative,-1.5899796067291505,-1.589927019950963,-1.5897429218574706,0.00014886524268720042,-0.00019719208208192348,negative,-1.5899796067291505,-1.589927019950963,-1.5897429218574706,0.00014886524268720042,-0.00019719208208192348
S05,source,regular-sensitivity,5,extended-local,2,0.003,0.01,negative,-1.5892164466181982,-1.5882923224986092,-1.5873681983790202,0.001163670070677163,-0.0042667651298630895,negative,-1.5892164466181982,-1.5882923224986092,-1.5873681983790202,0.001163670070677163,-0.0042667651298630895
S05,source,regular-sensitivity,5,stress,2,0.03,0.1,negative,-1.5820403686369549,-1.5724560831689085,-1.5628717977008624,0.012190210678229445,-0.042116785764679934,negative,-1.5820403686369549,-1.5724560831689085,-1.5628717977008624,0.012190210678229445,-0.042116785764679934
S05,source,regular-sensitivity,20,confirmatory,3,0.0001,0.001,negative,-65.52960593628025,-65.49596544684584,-65.37821783144348,0.0023114111503498708,-0.001543326945508392,negative,-65.52960593628025,-65.49596544684584,-65.37821783144348,0.0023114111503498708,-0.001543326945508392
S05,source,regular-sensitivity,20,extended-local,2,0.003,0.01,negative,-65.04178619611386,-64.45373079096808,-63.8656753858223,0.01824736591440833,-0.032744978820260576,negative,-65.04178619611386,-64.45373079096808,-63.8656753858223,0.01824736591440833,-0.032744978820260576
S05,source,regular-sensitivity,20,stress,2,0.03,0.1,negative,-60.54944948605164,-55.332080902263726,-50.11471231847581,0.18858385582872467,-0.26815306929422655,negative,-60.54944948605164,-55.332080902263726,-50.11471231847581,0.18858385582872467,-0.26815306929422655
S05,source,regular-sensitivity,50,confirmatory,3,0.0001,0.001,negative,-1553.472499679024,-1544.3959032851608,-1513.4807203303833,0.02589477171207989,-0.008977255777399365,negative,-1553.472499679024,-1544.3959032851608,-1513.4807203303833,0.02589477171207989,-0.008977255777399365
S05,source,regular-sensitivity,50,extended-local,2,0.003,0.01,negative,-1431.8526785701188,-1319.0417245522026,-1206.2307705342866,0.17104986433422173,-0.15847484920309185,negative,-1431.8526785701188,-1319.0417245522026,-1206.2307705342866,0.17104986433422173,-0.15847484920309185
S05,source,regular-sensitivity,50,stress,2,0.03,0.1,negative,-836.3724457085775,-621.7979050628917,-407.22336441720586,0.6901745370917025,-0.6376006630842016,negative,-836.3724457085775,-621.7979050628917,-407.22336441720586,0.6901745370917025,-0.6376006630842016
S06,source,regular-sensitivity,1,confirmatory,3,0.0001,0.001,numerical-zero,2.981555974335137e-11,7.779150587583495e-10,4.18366513307844e-09,5.3397212543554,1.0001765041178778e-12,numerical-zero,2.981555974335137e-11,7.779150587583495e-10,4.18366513307844e-09,5.3397212543554,1.0001765041178778e-12
S06,source,regular-sensitivity,1,extended-local,2,0.003,0.01,numerical-zero,2.0383000842727483e-13,1.9872221152578756e-12,3.770614222088476e-12,1.783392106830601,2.8607448751153237e-14,numerical-zero,2.0383000842727483e-13,1.9872221152578756e-12,3.770614222088476e-12,1.783392106830601,2.8607448751153237e-14
S06,source,regular-sensitivity,1,stress,2,0.03,0.1,numerical-zero,-1.7347234759768067e-15,2.5057116875220553e-15,6.746146851020917e-15,0.004240435163498862,6.195440985631455e-17,numerical-zero,-1.7347234759768067e-15,2.5057116875220553e-15,6.746146851020917e-15,0.004240435163498862,6.195440985631455e-17
S06,source,regular-sensitivity,5,confirmatory,3,0.0001,0.001,negative,-1.2999236644422565,-1.2997710190207261,-1.2992368986950669,0.0005283744114459828,-0.00033422683346247235,negative,-1.2999236644422565,-1.2997710190207261,-1.2992368986950669,0.0005283744114459828,-0.00033422683346247235
S06,source,regular-sensitivity,5,extended-local,2,0.003,0.01,negative,-1.2977120887137348,-1.295050971584028,-1.292389854454321,0.004109671647057922,-0.007207300633150464,negative,-1.2977120887137348,-1.295050971584028,-1.292389854454321,0.004109671647057922,-0.007207300633150464
S06,source,regular-sensitivity,5,stress,2,0.03,0.1,negative,-1.2773081703299247,-1.2516338134982883,-1.2259594566666516,0.04102534871581537,-0.06896365318995554,negative,-1.2773081703299247,-1.2516338134982883,-1.2259594566666516,0.04102534871581537,-0.06896365318995554
S06,source,regular-sensitivity,20,confirmatory,3,0.0001,0.001,negative,-24.691300265120788,-24.673914234485995,-24.613204522700578,0.0031651136369379895,-0.0015861802007883842,negative,-24.691300265120788,-24.673914234485995,-24.613204522700578,0.0031651136369379895,-0.0015861802007883842
S06,source,regular-sensitivity,20,extended-local,2,0.003,0.01,negative,-24.44095269439424,-24.146404452525985,-23.85185621065773,0.02439686144140958,-0.03341158073461713,negative,-24.44095269439424,-24.146404452525985,-23.85185621065773,0.02439686144140958,-0.03341158073461713
S06,source,regular-sensitivity,20,stress,2,0.03,0.1,negative,-22.280334744650997,-17.98298604917305,-13.6856373536951,0.4779349418085727,-0.21824719046882557,negative,-22.280334744650997,-17.98298604917305,-13.6856373536951,0.4779349418085727,-0.21824719046882557
S06,source,regular-sensitivity,50,confirmatory,3,0.0001,0.001,negative,-159.10049355372274,-158.80212077481295,-157.76449936861886,0.00841294926406161,-0.004083483105638046,negative,-159.10049355372274,-158.80212077481295,-157.76449936861886,0.00841294926406161,-0.004083483105638046
S06,source,regular-sensitivity,50,extended-local,2,0.003,0.01,negative,-154.85621358097725,-150.07791862021364,-145.29962365945002,0.06367752171264507,-0.08218135188588993,negative,-154.85621358097725,-150.07791862021364,-145.29962365945002,0.06367752171264507,-0.08218135188588993
S06,source,regular-sensitivity,50,stress,2,0.03,0.1,negative,-100.47403703207459,-79.49433318837293,-58.51462934467128,0.5278289156533288,-0.3799578876612585,negative,-100.47403703207459,-79.49433318837293,-58.51462934467128,0.5278289156533288,-0.3799578876612585
S07,source,regular-sensitivity,1,confirmatory,3,0.0001,0.001,numerical-zero,-5.407458335271454e-10,-1.4203048459560108e-11,2.0782800393831513e-09,184.39885496183206,-4.2674887751520686e-14,numerical-zero,-5.407458335271454e-10,-1.4203048459560108e-11,2.0782800393831513e-09,184.39885496183206,-4.2674887751520686e-14
S07,source,regular-sensitivity,1,extended-local,2,0.003,0.01,numerical-zero,-4.74639617732543e-12,-2.2517674453443387e-12,2.42861286636753e-13,2.215707254440402,-1.7743197604576284e-14,numerical-zero,-4.74639617732543e-12,-2.2517674453443387e-12,2.42861286636753e-13,2.215707254440402,-1.7743197604576284e-14
S07,source,regular-sensitivity,1,stress,2,0.03,0.1,numerical-zero,-6.938893903907227e-16,9.290407949120234e-15,1.927470528863119e-14,0.009984297339510957,7.644560045056123e-16,numerical-zero,-6.938893903907227e-16,9.290407949120234e-15,1.927470528863119e-14,0.009984297339510957,7.644560045056123e-16
S07,source,regular-sensitivity,5,confirmatory,3,0.0001,0.001,negative,-3.3619279344308026,-3.3612471670989494,-3.3588654708481633,0.0009111093086565424,-0.0006046426161123796,negative,-3.3619279344308026,-3.3612471670989494,-3.3588654708481633,0.0009111093086565424,-0.0006046426161123796
S07,source,regular-sensitivity,5,extended-local,2,0.003,0.01,negative,-3.3520701298478817,-3.340233603930102,-3.3283970780123227,0.007087244379466579,-0.01299384783011428,negative,-3.3520701298478817,-3.340233603930102,-3.3283970780123227,0.007087244379466579,-0.01299384783011428
S07,source,regular-sensitivity,5,stress,2,0.03,0.1,negative,-3.261701662898043,-3.1503538809138423,-3.0390060989296415,0.07068906300259924,-0.1204494257243563,negative,-3.261701662898043,-3.1503538809138423,-3.0390060989296415,0.07068906300259924,-0.1204494257243563
S07,source,regular-sensitivity,20,confirmatory,3,0.0001,0.001,negative,-65.30863703776285,-65.22719156698632,-64.94329321135237,0.005601096990896562,-0.0029363151508238292,negative,-65.30863703776285,-65.22719156698632,-64.94329321135237,0.005601096990896562,-0.0029363151508238292
S07,source,regular-sensitivity,20,extended-local,2,0.003,0.01,negative,-64.14200186732772,-62.79522719041833,-61.44845251350894,0.042894173241080004,-0.06054079492112123,negative,-64.14200186732772,-62.79522719041833,-61.44845251350894,0.042894173241080004,-0.06054079492112123
S07,source,regular-sensitivity,20,stress,2,0.03,0.1,negative,-54.61215770523396,-46.30568523425904,-37.99921276328411,0.3587668524481491,-0.40802312692689224,negative,-54.61215770523396,-46.30568523425904,-37.99921276328411,0.3587668524481491,-0.40802312692689224
S07,source,regular-sensitivity,50,confirmatory,3,0.0001,0.001,negative,-421.1213258968919,-419.64964391573403,-414.5606644017537,0.01563366391526262,-0.007939137839410528,negative,-421.1213258968919,-419.64964391573403,-414.5606644017537,0.01563366391526262,-0.007939137839410528
S07,source,regular-sensitivity,50,extended-local,2,0.003,0.01,negative,-400.53412787424304,-378.6787512848616,-356.8233746954802,0.1154296432806217,-0.15039683325161107,negative,-400.53412787424304,-378.6787512848616,-356.8233746954802,0.1154296432806217,-0.15039683325161107
S07,source,regular-sensitivity,50,stress,2,0.03,0.1,negative,-266.2801198391096,-198.23598774956935,-130.19185566002906,0.6864962599576029,-0.6623864630983078,negative,-266.2801198391096,-197.28953273492823,-128.29894563074686,0.6993841604042407,-0.6564179630022723
S08,source,regular-sensitivity,1,confirmatory,3,0.0001,0.001,numerical-zero,3.165870343657673e-11,2.4454782334950825e-10,3.507394027990607e-09,14.212906403940885,6.903912528705901e-14,numerical-zero,3.165870343657673e-11,2.4454782334950825e-10,3.507394027990607e-09,14.212906403940885,6.903912528705901e-14
S08,source,regular-sensitivity,1,extended-local,2,0.003,0.01,numerical-zero,-4.5102810375396984e-13,1.1959954631595652e-12,2.8430190300731003e-12,1.6470235669135351,1.8909238255962965e-15,numerical-zero,-4.5102810375396984e-13,1.1959954631595652e-12,2.8430190300731003e-12,1.6470235669135351,1.8909238255962965e-15
S08,source,regular-sensitivity,1,stress,2,0.03,0.1,numerical-zero,4.163336342344336e-15,2.906625557525583e-14,5.3969174808167335e-14,0.024902919232911498,9.577053044746709e-16,numerical-zero,4.163336342344336e-15,2.906625557525583e-14,5.3969174808167335e-14,0.024902919232911498,9.577053044746709e-16
S08,source,regular-sensitivity,5,confirmatory,3,0.0001,0.001,negative,-16.338555543682528,-16.33289749465564,-16.313113350226345,0.0015577268800289505,-0.000983476509200268,negative,-16.338555543682528,-16.33289749465564,-16.313113350226345,0.0015577268800289505,-0.000983476509200268
S08,source,regular-sensitivity,5,extended-local,2,0.003,0.01,negative,-16.256749818321424,-16.159054334390518,-16.061358850459616,0.012091732834016608,-0.021013222557602365,negative,-16.256749818321424,-16.159054334390518,-16.061358850459616,0.012091732834016608,-0.021013222557602365
S08,source,regular-sensitivity,5,stress,2,0.03,0.1,negative,-15.518839293472697,-14.654351888308868,-13.78986448314504,0.11798371047081377,-0.18511444931637203,negative,-15.518839293472697,-14.654351888308868,-13.78986448314504,0.11798371047081377,-0.18511444931637203
S08,source,regular-sensitivity,20,confirmatory,3,0.0001,0.001,negative,-187.1740891836891,-186.76222521467182,-185.3329743943359,0.009858068392775548,-0.004446151220823567,negative,-187.1740891836891,-186.76222521467182,-185.3329743943359,0.009858068392775548,-0.004446151220823567
S08,source,regular-sensitivity,20,extended-local,2,0.003,0.01,negative,-181.35188823821457,-174.93433091120767,-168.5167735842008,0.07337104493530527,-0.08844993799362438,negative,-181.35188823821457,-174.93433091120767,-168.5167735842008,0.07337104493530527,-0.08844993799362438
S08,source,regular-sensitivity,20,stress,2,0.03,0.1,negative,-139.30427196750412,-111.4689479615037,-83.63362395550328,0.4994274103244156,-0.4976542555406506,negative,-139.30427196750412,-111.29971038719546,-83.2951488068868,0.5032279326313586,-0.4963112718854443
S08,source,regular-sensitivity,50,confirmatory,3,0.0001,0.001,negative,-379.74455490102747,-379.08998768840866,-376.8154124404524,0.007726773472536712,-0.004088588277451046,negative,-379.74455490102747,-379.08998768840866,-376.8154124404524,0.007726773472536712,-0.004088588277451046
S08,source,regular-sensitivity,50,extended-local,2,0.003,0.01,negative,-370.45094962231036,-359.9944317661145,-349.5379139099186,0.05809266440537283,-0.0828080887346744,negative,-370.45094962231036,-359.9944317661145,-349.5379139099186,0.05809266440537283,-0.0828080887346744
S08,source,regular-sensitivity,50,stress,2,0.03,0.1,negative,-298.3765846285903,-241.11987645633542,-183.86316828408056,0.47492317111089377,-0.4914059689672365,negative,-298.3765846285903,-241.11987645633542,-183.86316828408056,0.47492317111089377,-0.4914059689672365
S09,source,regular-sensitivity,1,confirmatory,3,0.0001,0.001,numerical-zero,-4.2365199889871086e-09,-5.639357133275298e-10,-1.4257258568184383e-11,7.487134846461949,-4.4155850390866233e-13,numerical-zero,-4.2365199889871086e-09,-5.639357133275298e-10,-1.4257258568184383e-11,7.487134846461949,-4.4155850390866233e-13
S09,source,regular-sensitivity,1,extended-local,2,0.003,0.01,numerical-zero,-7.0593608119611734e-12,-3.0634734718118194e-12,9.324138683375338e-13,2.6087298466378295,-1.5469285904623894e-14,numerical-zero,-7.0593608119611734e-12,-3.0634734718118194e-12,9.324138683375338e-13,2.6087298466378295,-1.5469285904623894e-14
S09,source,regular-sensitivity,1,stress,2,0.03,0.1,numerical-zero,2.775557561562891e-15,4.186465988690695e-14,8.0953762212251e-14,0.03908910232534406,3.531524782128773e-15,numerical-zero,2.775557561562891e-15,4.186465988690695e-14,8.0953762212251e-14,0.03908910232534406,3.531524782128773e-15
S09,source,regular-sensitivity,5,confirmatory,3,0.0001,0.001,negative,-1.5274886331950774,-1.527401326843874,-1.5270958179218215,0.00025717882153975403,-0.00025185299240916206,negative,-1.5274886331950774,-1.527401326843874,-1.5270958179218215,0.00025717882153975403,-0.00025185299240916206
S09,source,regular-sensitivity,5,extended-local,2,0.003,0.01,negative,-1.5262230693208818,-1.5246965288989855,-1.5231699884770895,0.002002418701639592,-0.005444215008686788,negative,-1.5262230693208818,-1.5246965288989855,-1.5231699884770895,0.002002418701639592,-0.005444215008686788
S09,source,regular-sensitivity,5,stress,2,0.03,0.1,negative,-1.514460020792329,-1.4992928753157104,-1.4841257298390917,0.02023239852110268,-0.053272169318719705,negative,-1.514460020792329,-1.4992928753157104,-1.4841257298390917,0.02023239852110268,-0.053272169318719705
S09,source,regular-sensitivity,20,confirmatory,3,0.0001,0.001,negative,-15.215323682156878,-15.212025525394473,-15.20048768186965,0.000975281053957082,-0.0008249096207194372,negative,-15.215323682156878,-15.212025525394473,-15.20048768186965,0.000975281053957082,-0.0008249096207194372
S09,source,regular-sensitivity,20,extended-local,2,0.003,0.01,negative,-15.167570794759795,-12.680078586050728,-10.19258637734166,0.3923464971968772,-0.013324463885324479,negative,-15.167570794759795,-12.680078586050728,-10.19258637734166,0.3923464971968772,-0.013324463885324479
S09,source,regular-sensitivity,20,stress,2,0.03,0.1,negative,-7.946278071877409,-7.670242149086835,-7.394206226296261,0.07197580400338127,-0.08837350653173737,negative,-7.946278071877409,-7.670242149086835,-7.394206226296261,0.07197580400338127,-0.08837350653173737
S09,source,regular-sensitivity,50,confirmatory,3,0.0001,0.001,negative,-11.267277265247788,-11.248870411891644,-11.243612410560822,0.0021037538722065434,-0.0004296233109637349,negative,-11.267277265247788,-11.248870411891644,-11.243612410560822,0.0021037538722065434,-0.0004296233109637349
S09,source,regular-sensitivity,50,extended-local,2,0.003,0.01,negative,-11.504231011251475,-11.412064159748844,-11.319897308246214,0.016152529500790894,-0.009484616545408473,negative,-11.504231011251475,-11.412064159748844,-11.319897308246214,0.016152529500790894,-0.009484616545408473
S09,source,regular-sensitivity,50,stress,2,0.03,0.1,negative,-13.62198086415993,-12.824789729491593,-12.027598594823257,0.12432034387825232,-0.10967799830957156,negative,-13.62198086415993,-12.824789729491593,-12.027598594823257,0.12432034387825232,-0.10967799830957156
S10,source,regular-sensitivity,1,confirmatory,3,0.0001,0.001,numerical-zero,-5.843849709696869e-11,1.608233222520165e-10,3.7269449679189215e-09,23.537528089887637,5.481780331403796e-14,numerical-zero,-5.843849709696869e-11,1.608233222520165e-10,3.7269449679189215e-09,23.537528089887637,5.481780331403796e-14
S10,source,regular-sensitivity,1,extended-local,2,0.003,0.01,numerical-zero,-1.3877787807814457e-13,4.074672698016634e-12,8.288123274111412e-12,2.0681173131504256,1.3336945705168185e-14,numerical-zero,-1.3877787807814457e-13,4.074672698016634e-12,8.288123274111412e-12,2.0681173131504256,1.3336945705168185e-14
S10,source,regular-sensitivity,1,stress,2,0.03,0.1,numerical-zero,-5.0114233750441097e-14,-2.6444895656001994e-14,-2.775557561562891e-15,0.023669338094439104,-1.011768294874828e-15,numerical-zero,-5.0114233750441097e-14,-2.6444895656001994e-14,-2.775557561562891e-15,0.023669338094439104,-1.011768294874828e-15
S10,source,regular-sensitivity,5,confirmatory,3,0.0001,0.001,negative,-5.006242363014964,-5.005638874667346,-5.003527309736626,0.0005423989517259896,-0.00034683604414170716,negative,-5.006242363014964,-5.005638874667346,-5.003527309736626,0.0005423989517259896,-0.00034683604414170716
S10,source,regular-sensitivity,5,extended-local,2,0.003,0.01,negative,-4.997499548183517,-4.9869817155239,-4.976463882864282,0.004218115589586608,-0.007478269325689786,negative,-4.997499548183517,-4.9869817155239,-4.976463882864282,0.004218115589586608,-0.007478269325689786
S10,source,regular-sensitivity,5,stress,2,0.03,0.1,negative,-4.916886148708142,-4.815626109424896,-4.71436607014165,0.0420547762564311,-0.07147665977470272,negative,-4.916886148708142,-4.815626109424896,-4.71436607014165,0.0420547762564311,-0.07147665977470272
S10,source,regular-sensitivity,20,confirmatory,3,0.0001,0.001,negative,-89.62751794621293,-89.55925102415696,-89.32099168932132,0.003422608534420811,-0.0016327619147226155,negative,-89.62751794621293,-89.55925102415696,-89.32099168932132,0.003422608534420811,-0.0016327619147226155
S10,source,regular-sensitivity,20,extended-local,2,0.003,0.01,negative,-88.64598627436219,-87.49725032642141,-86.34851437848062,0.02625764680959131,-0.034317672499081325,negative,-88.64598627436219,-87.49725032642141,-86.34851437848062,0.02625764680959131,-0.034317672499081325
S10,source,regular-sensitivity,20,stress,2,0.03,0.1,negative,-80.29789483669003,-72.04221192768881,-63.78652901868759,0.22919015638464096,-0.2670120934275597,negative,-80.29789483669003,-72.04221192768881,-63.78652901868759,0.22919015638464096,-0.2670120934275597
S10,source,regular-sensitivity,50,confirmatory,3,0.0001,0.001,negative,-544.1709376168609,-542.9813391764327,-538.8546400527453,0.009790939725809255,-0.004237605259408175,negative,-544.1709376168609,-542.9813391764327,-538.8546400527453,0.009790939725809255,-0.004237605259408175
S10,source,regular-sensitivity,50,extended-local,2,0.003,0.01,negative,-527.371592963037,-508.91500181480205,-490.45841066656715,0.0725330991714463,-0.08437389197486553,negative,-527.371592963037,-508.91500181480205,-490.45841066656715,0.0725330991714463,-0.08437389197486553
S10,source,regular-sensitivity,50,stress,2,0.03,0.1,negative,-406.9271388697044,-327.44676990455685,-247.9664009394093,0.4854552023115954,-0.48132492064301646,negative,-406.9271388697044,-327.44676990455685,-247.9664009394093,0.4854552023115954,-0.48132492064301646
S11,source,regular-sensitivity,1,confirmatory,3,0.0001,0.001,numerical-zero,-5.064409991633463e-10,-4.0911691352382706e-11,4.031770949812063e-09,110.92701863354037,-2.4557241456056332e-12,numerical-zero,-5.064409991633463e-10,-4.0911691352382706e-11,4.031770949812063e-09,110.92701863354037,-2.4557241456056332e-12
S11,source,regular-sensitivity,1,extended-local,2,0.003,0.01,numerical-zero,3.496552006265752e-13,2.6078826839153065e-12,4.866110167204038e-12,1.7318474463723763,5.430726330005998e-13,numerical-zero,3.496552006265752e-13,2.6078826839153065e-12,4.866110167204038e-12,1.7318474463723763,5.430726330005998e-13
S11,source,regular-sensitivity,1,stress,2,0.03,0.1,numerical-zero,-6.746146851020917e-15,-5.324637335984366e-15,-3.903127820947815e-15,0.001421509515036551,-1.7788323417720307e-14,numerical-zero,-6.746146851020917e-15,-5.324637335984366e-15,-3.903127820947815e-15,0.001421509515036551,-1.7788323417720307e-14
S11,source,regular-sensitivity,5,confirmatory,3,0.0001,0.001,negative,-0.12441651673687315,-0.12441210186118459,-0.12439653997810057,0.0001605692571199136,-0.00014722428515632422,negative,-0.12441651673687315,-0.12441210186118459,-0.12439653997810057,0.0001605692571199136,-0.00014722428515632422
S11,source,regular-sensitivity,5,extended-local,2,0.003,0.01,negative,-0.1243520770682143,-0.12427425513592741,-0.12419643320364052,0.0012524224297586497,-0.0031852507965988786,negative,-0.1243520770682143,-0.12427425513592741,-0.12419643320364052,0.0012524224297586497,-0.0031852507965988786
S11,source,regular-sensitivity,5,stress,2,0.03,0.1,negative,-0.1237515368565934,-0.12297190190452231,-0.12219226695245122,0.012679887681600844,-0.031421700231232086,negative,-0.1237515368565934,-0.12297190190452231,-0.12219226695245122,0.012679887681600844,-0.031421700231232086
S11,source,regular-sensitivity,20,confirmatory,3,0.0001,0.001,negative,-5.653264213267145,-5.65256591580707,-5.650119059783573,0.0005564116421494942,-0.0005638379324889693,negative,-5.653264213267145,-5.65256591580707,-5.650119059783573,0.0005564116421494942,-0.0005638379324889693
S11,source,regular-sensitivity,20,extended-local,2,0.003,0.01,negative,-5.643105874818564,-5.630705690189469,-5.618305505560375,0.004404486865900088,-0.01215481301332802,negative,-5.643105874818564,-5.630705690189469,-5.618305505560375,0.004404486865900088,-0.01215481301332802
S11,source,regular-sensitivity,20,stress,2,0.03,0.1,negative,-5.545378230743448,-5.407837347858808,-5.270296464974169,0.050867241019775813,-0.11527512459517142,negative,-5.545378230743448,-5.407837347858808,-5.270296464974169,0.050867241019775813,-0.11527512459517142
S11,source,regular-sensitivity,50,confirmatory,3,0.0001,0.001,negative,-20.407075368022653,-20.40358286428428,-20.402577507289912,0.0002204446524249509,-0.0007432475870564121,negative,-20.407075368022653,-20.40358286428428,-20.402577507289912,0.0002204446524249509,-0.0007432475870564121
S11,source,regular-sensitivity,50,extended-local,2,0.003,0.01,negative,-20.448030055563585,-20.432426739203475,-20.416823422843365,0.0015273091698082273,-0.016133094167448472,negative,-20.448030055563585,-20.432426739203475,-20.416823422843365,0.0015273091698082273,-0.016133094167448472
S11,source,regular-sensitivity,50,stress,2,0.03,0.1,negative,-20.507007631097093,-20.366184570133868,-20.225361509170643,0.01382910583750044,-0.16014333080049897,negative,-20.507007631097093,-20.366184570133868,-20.225361509170643,0.01382910583750044,-0.16014333080049897
S12,source,regular-sensitivity,1,confirmatory,3,0.0001,0.001,numerical-zero,-1.666960840196463e-09,2.7592945289756088e-11,6.779275250735752e-10,84.9814450993233,1.6708874273571327e-13,numerical-zero,-1.666960840196463e-09,2.7592945289756088e-11,6.779275250735752e-10,84.9814450993233,1.6708874273571327e-13
S12,source,regular-sensitivity,1,extended-local,2,0.003,0.01,numerical-zero,-6.023345402697246e-14,-3.879034439337027e-14,-1.734723475976807e-14,0.021443109633602197,-1.0723442559331958e-15,numerical-zero,-6.023345402697246e-14,-3.879034439337027e-14,-1.734723475976807e-14,0.021443109633602197,-1.0723442559331958e-15
S12,source,regular-sensitivity,1,stress,2,0.03,0.1,numerical-zero,-3.6621940048399264e-14,-1.6402774200625144e-14,3.816391647148975e-15,0.02021916584777412,-2.1709500038484286e-15,numerical-zero,-3.6621940048399264e-14,-1.6402774200625144e-14,3.816391647148975e-15,0.02021916584777412,-2.1709500038484286e-15
S12,source,regular-sensitivity,5,confirmatory,3,0.0001,0.001,negative,-0.8265995417482195,-0.8265027234114216,-0.8261639816864063,0.000526991683724201,-0.0003613626321819768,negative,-0.8265995417482195,-0.8265027234114216,-0.8261639816864063,0.000526991683724201,-0.0003613626321819768
S12,source,regular-sensitivity,5,extended-local,2,0.003,0.01,negative,-0.8251970556615414,-0.8235102490249435,-0.8218234423883457,0.004096625727718851,-0.007792571547053963,negative,-0.8251970556615414,-0.8235102490249435,-0.8218234423883457,0.004096625727718851,-0.007792571547053963
S12,source,regular-sensitivity,5,stress,2,0.03,0.1,negative,-0.8122748794023844,-0.7960774849415839,-0.7798800904807833,0.04069300983179823,-0.07458681993178329,negative,-0.8122748794023844,-0.7960774849415839,-0.7798800904807833,0.04069300983179823,-0.07458681993178329
S12,source,regular-sensitivity,20,confirmatory,3,0.0001,0.001,negative,-0.02154215987895409,-0.015358070243915086,-0.013583855881218933,0.5181838519646216,-6.130052973434931e-06,negative,-3.619120709736701,-3.6177209373724994,-3.612828046279499,0.0017393999056689337,-0.0011132919453306902
S12,source,regular-sensitivity,20,extended-local,2,0.003,0.01,negative,-0.09760642315567204,-0.0682997807716325,-0.03899313838759295,0.8581767628809641,-0.000727132961178478,negative,-3.5989017283382254,-3.563048642687958,-3.5271955570376905,0.020124948742333164,-0.023628074985610134
S12,source,regular-sensitivity,20,stress,2,0.03,0.1,mixed,-0.24574225067691538,0.01107653936355052,0.26789532940401645,46.37166566402093,0.01291708134919959,negative,-3.1131931088699836,-2.5389452553931124,-1.9646974019162415,0.4523515048282981,-0.1486686273918093
S12,source,regular-sensitivity,50,confirmatory,3,0.0001,0.001,negative,-15.776466432639372,-15.762850062379854,-15.758931681624476,0.0011124099351008238,-0.0006607104350054301,negative,-15.776466432639372,-15.762850062379854,-15.758931681624476,0.0011124099351008238,-0.0006607104350054301
S12,source,regular-sensitivity,50,extended-local,2,0.003,0.01,negative,-15.938123028166189,-15.876328505090035,-15.81453398201388,0.007784485318043426,-0.014448669321675923,negative,-15.938123028166189,-15.876328505090035,-15.81453398201388,0.007784485318043426,-0.014448669321675923
S12,source,regular-sensitivity,50,stress,2,0.03,0.1,negative,-16.34269644803674,-16.27694770184823,-16.211198955659714,0.008078756213125536,-0.14814434485813976,negative,-16.34269644803674,-16.27694770184823,-16.211198955659714,0.008078756213125536,-0.14814434485813976
S13,source,analytic-zero,1,confirmatory,3,0.0001,0.001,numerical-zero,0.0,0.0,0.0,0.0,,numerical-zero,0.0,0.0,0.0,0.0,
S13,source,analytic-zero,1,extended-local,2,0.003,0.01,numerical-zero,0.0,0.0,0.0,0.0,,numerical-zero,0.0,0.0,0.0,0.0,
S13,source,analytic-zero,1,stress,2,0.03,0.1,numerical-zero,0.0,0.0,0.0,0.0,,numerical-zero,0.0,0.0,0.0,0.0,
S13,source,analytic-zero,5,confirmatory,3,0.0001,0.001,numerical-zero,0.0,0.0,0.0,0.0,,numerical-zero,0.0,0.0,0.0,0.0,
S13,source,analytic-zero,5,extended-local,2,0.003,0.01,numerical-zero,0.0,0.0,0.0,0.0,,numerical-zero,0.0,0.0,0.0,0.0,
S13,source,analytic-zero,5,stress,2,0.03,0.1,numerical-zero,0.0,0.0,0.0,0.0,,numerical-zero,0.0,0.0,0.0,0.0,
S13,source,analytic-zero,20,confirmatory,3,0.0001,0.001,numerical-zero,0.0,0.0,0.0,0.0,,numerical-zero,0.0,0.0,0.0,0.0,
S13,source,analytic-zero,20,extended-local,2,0.003,0.01,numerical-zero,0.0,0.0,0.0,0.0,,numerical-zero,0.0,0.0,0.0,0.0,
S13,source,analytic-zero,20,stress,2,0.03,0.1,numerical-zero,0.0,0.0,0.0,0.0,,numerical-zero,0.0,0.0,0.0,0.0,
S13,source,analytic-zero,50,confirmatory,3,0.0001,0.001,numerical-zero,0.0,0.0,0.0,0.0,,numerical-zero,0.0,0.0,0.0,0.0,
S13,source,analytic-zero,50,extended-local,2,0.003,0.01,numerical-zero,0.0,0.0,0.0,0.0,,numerical-zero,0.0,0.0,0.0,0.0,
S13,source,analytic-zero,50,stress,2,0.03,0.1,numerical-zero,0.0,0.0,0.0,0.0,,numerical-zero,0.0,0.0,0.0,0.0,
S14,source,low-sensitivity,1,confirmatory,3,0.0001,0.001,numerical-zero,3.98281529457331e-11,5.953534367462589e-10,4.561617871801668e-09,7.595134990012887,,numerical-zero,3.98281529457331e-11,5.953534367462589e-10,4.561617871801668e-09,7.595134990012887,
S14,source,low-sensitivity,1,extended-local,2,0.003,0.01,numerical-zero,-4.580768039273171e-13,1.7830578197203734e-12,4.0241924433680635e-12,2.24113462364769,,numerical-zero,-4.580768039273171e-13,1.7830578197203734e-12,4.0241924433680635e-12,2.24113462364769,
S14,source,low-sensitivity,1,stress,2,0.03,0.1,numerical-zero,-2.93341541285321e-14,-1.397867798734731e-14,1.37679815383748e-15,0.015355476141184791,,numerical-zero,-2.93341541285321e-14,-1.397867798734731e-14,1.37679815383748e-15,0.015355476141184791,
S14,source,low-sensitivity,5,confirmatory,3,0.0001,0.001,numerical-zero,-7.506749898394938e-11,1.4487184458987043e-11,9.026656041591123e-09,628.2603473671428,,numerical-zero,1.4487184458987043e-11,5.417230702522488e-10,9.026656041591123e-09,16.636117883876892,
S14,source,low-sensitivity,5,extended-local,2,0.003,0.01,numerical-zero,1.448718445898704e-12,6.222842812294849e-12,1.0996967178690995e-11,1.5343869387038405,,numerical-zero,1.448718445898704e-12,6.222842812294849e-12,1.0996967178690995e-11,1.5343869387038405,
S14,source,low-sensitivity,5,stress,2,0.03,0.1,numerical-zero,-1.030448921414868e-13,-5.680213549956915e-14,-1.0559378857651499e-14,0.04624275664191765,,numerical-zero,-1.030448921414868e-13,-5.680213549956915e-14,-1.0559378857651499e-14,0.04624275664191765,
S14,source,low-sensitivity,20,confirmatory,3,0.0001,0.001,numerical-zero,-1.5196990745458292e-10,1.4363239349120816e-09,2.373787473567648e-08,16.632630051237975,,numerical-zero,-1.5196990745458292e-10,1.4363239349120816e-09,2.373787473567648e-08,16.632630051237975,
S14,source,low-sensitivity,20,extended-local,2,0.003,0.01,numerical-zero,4.509467941638245e-12,2.6269661600617796e-11,4.8029855259597344e-11,1.6566786424434035,,numerical-zero,4.509467941638245e-12,2.6269661600617796e-11,4.8029855259597344e-11,1.6566786424434035,
S14,source,low-sensitivity,20,stress,2,0.03,0.1,numerical-zero,1.7959814560010967e-14,5.1248742931418605e-14,8.453767130282624e-14,0.033288928371407636,,numerical-zero,1.7959814560010967e-14,5.1248742931418605e-14,8.453767130282624e-14,0.033288928371407636,
S14,source,low-sensitivity,50,confirmatory,3,0.0001,0.001,numerical-zero,-1.7050625732164612e-09,-4.892584503779013e-11,1.3388529357436554e-08,308.49936100224295,,numerical-zero,-1.7050625732164612e-09,-4.892584503779013e-11,1.3388529357436554e-08,308.49936100224295,
S14,source,low-sensitivity,50,extended-local,2,0.003,0.01,numerical-zero,-3.972803627872749e-12,-1.3795807481067008e-12,1.2136421316593477e-12,2.5932228797660484,,numerical-zero,-3.972803627872749e-12,-1.3795807481067008e-12,1.2136421316593477e-12,2.5932228797660484,
S14,source,low-sensitivity,50,stress,2,0.03,0.1,numerical-zero,-2.1224319201640848e-13,-9.539952553336951e-14,2.1444140949669422e-14,0.11684366648303894,,numerical-zero,-2.1224319201640848e-13,-9.539952553336951e-14,2.1444140949669422e-14,0.11684366648303894,
T01,target,regular-sensitivity,1,confirmatory,3,0.0001,0.001,numerical-zero,-2.9840123698821747e-09,-3.7785198629295174e-10,3.4667364465224004e-11,7.989053502042442,-1.5169671572305836e-12,numerical-zero,-2.9840123698821747e-09,-3.7785198629295174e-10,3.4667364465224004e-11,7.989053502042442,-1.5169671572305836e-12
T01,target,regular-sensitivity,1,extended-local,2,0.003,0.01,numerical-zero,1.3552527156068805e-13,2.7617038671366875e-12,5.387882462712687e-12,1.90185387131952,1.172222503883671e-13,numerical-zero,1.3552527156068805e-13,2.7617038671366875e-12,5.387882462712687e-12,1.90185387131952,1.172222503883671e-13
T01,target,regular-sensitivity,1,stress,2,0.03,0.1,numerical-zero,-1.6383499495336513e-14,-9.753000876047383e-15,-3.122502256758252e-15,0.00663049861928913,-5.378077047214615e-15,numerical-zero,-1.6383499495336513e-14,-9.753000876047383e-15,-3.122502256758252e-15,0.00663049861928913,-5.378077047214615e-15
T01,target,regular-sensitivity,5,confirmatory,3,0.0001,0.001,negative,-0.5068979893144978,-0.5068422351537304,-0.5066471478085924,0.000494910424797752,-0.00031952047552506643,negative,-0.5068979893144978,-0.5068422351537304,-0.5066471478085924,0.000494910424797752,-0.00031952047552506643
T01,target,regular-sensitivity,5,extended-local,2,0.003,0.01,negative,-0.5060901194444271,-0.5051174472997468,-0.5041447751550666,0.0038512712236725287,-0.0068922309692179395,negative,-0.5060901194444271,-0.5051174472997468,-0.5041447751550666,0.0038512712236725287,-0.0068922309692179395
T01,target,regular-sensitivity,5,stress,2,0.03,0.1,negative,-0.4986231213578853,-0.48917289558902133,-0.4797226698201574,0.038637569064347996,-0.06612093819599232,negative,-0.4986231213578853,-0.48917289558902133,-0.4797226698201574,0.038637569064347996,-0.06612093819599232
T01,target,regular-sensitivity,20,confirmatory,3,0.0001,0.001,negative,-7.4771986467454115,-7.474439673187263,-7.464791437855785,0.0016599517063645515,-0.0008403905133991147,negative,-7.4771986467454115,-7.474439673187263,-7.464791437855785,0.0016599517063645515,-0.0008403905133991147
T01,target,regular-sensitivity,20,extended-local,2,0.003,0.01,negative,-7.437294402588333,-7.38958261121611,-7.341870819843887,0.01291325745511111,-0.01793915539213356,negative,-7.437294402588333,-7.38958261121611,-7.341870819843887,0.01291325745511111,-0.01793915539213356
T01,target,regular-sensitivity,20,stress,2,0.03,0.1,negative,-7.076374559493679,-6.654777300059655,-6.233180040625629,0.12670514441715303,-0.1565865602465331,negative,-7.076374559493679,-6.654777300059655,-6.233180040625629,0.12670514441715303,-0.1565865602465331
T01,target,regular-sensitivity,50,confirmatory,3,0.0001,0.001,negative,-23.947989234208727,-23.946784736170724,-23.942471990768407,0.00023039600101244843,-0.0009084667691794056,negative,-23.947989234208727,-23.946784736170724,-23.942471990768407,0.00023039600101244843,-0.0009084667691794056
T01,target,regular-sensitivity,50,extended-local,2,0.003,0.01,negative,-23.929319693340936,-23.901498599776495,-23.873677506212054,0.002327979013391329,-0.019633909456906698,negative,-23.929319693340936,-23.901498599776495,-23.873677506212054,0.002327979013391329,-0.019633909456906698
T01,target,regular-sensitivity,50,stress,2,0.03,0.1,negative,-23.635055220993024,-22.841720538765507,-22.048385856537994,0.06946365365788608,-0.18423993612750816,negative,-23.635055220993024,-22.841720538765507,-22.048385856537994,0.06946365365788608,-0.18423993612750816
T02,target,regular-sensitivity,1,confirmatory,3,0.0001,0.001,numerical-zero,-1.38988695167239e-10,3.230922474006803e-11,6.984294869880059e-09,220.47212900820284,1.2865832598331408e-13,numerical-zero,-1.38988695167239e-10,3.230922474006803e-11,6.984294869880059e-09,220.47212900820284,1.2865832598331408e-13
T02,target,regular-sensitivity,1,extended-local,2,0.003,0.01,numerical-zero,-1.5660698047012841e-12,-6.941303242068307e-13,1.7780915628762273e-13,0.8719394804944535,-5.8140898990222485e-15,numerical-zero,-1.5660698047012841e-12,-6.941303242068307e-13,1.7780915628762273e-13,0.8719394804944535,-5.8140898990222485e-15
T02,target,regular-sensitivity,1,stress,2,0.03,0.1,numerical-zero,-1.006139616066548e-14,1.7154487706881771e-15,1.3492293702041834e-14,0.011776844931353657,-1.1973571277194332e-15,numerical-zero,-1.006139616066548e-14,1.7154487706881771e-15,1.3492293702041834e-14,0.011776844931353657,-1.1973571277194332e-15
T02,target,regular-sensitivity,5,confirmatory,3,0.0001,0.001,negative,-1.012594016343055,-1.012536390788276,-1.0123346719998536,0.00025613335536453323,-0.00024047605860114704,negative,-1.012594016343055,-1.012536390788276,-1.0123346719998536,0.00025613335536453323,-0.00024047605860114704
T02,target,regular-sensitivity,5,extended-local,2,0.003,0.01,negative,-1.0117584144752994,-1.0107504472832256,-1.0097424800911519,0.001994492695567017,-0.005198331592794637,negative,-1.0117584144752994,-1.0107504472832256,-1.0097424800911519,0.001994492695567017,-0.005198331592794637
T02,target,regular-sensitivity,5,stress,2,0.03,0.1,negative,-1.0039909869211954,-0.993975031706601,-0.9839590764920065,0.020153333625287487,-0.05087049084079303,negative,-1.0039909869211954,-0.993975031706601,-0.9839590764920065,0.020153333625287487,-0.05087049084079303
T02,target,regular-sensitivity,20,confirmatory,3,0.0001,0.001,negative,-19.62959363267097,-19.622709079746123,-19.598626555236525,0.0015781244734657948,-0.0011419155918141026,negative,-19.62959363267097,-19.622709079746123,-19.598626555236525,0.0015781244734657948,-0.0011419155918141026
T02,target,regular-sensitivity,20,extended-local,2,0.003,0.01,negative,-19.529934570131736,-19.41040252006738,-19.290870470003025,0.012316287613384415,-0.024392662170542888,negative,-19.529934570131736,-19.41040252006738,-19.290870470003025,0.012316287613384415,-0.024392662170542888
T02,target,regular-sensitivity,20,stress,2,0.03,0.1,negative,-18.61979273138581,-17.52008965696848,-16.420386582551146,0.12553623822123927,-0.21343778145854836,negative,-18.61979273138581,-17.52008965696848,-16.420386582551146,0.12553623822123927,-0.21343778145854836
T02,target,regular-sensitivity,50,confirmatory,3,0.0001,0.001,negative,-128.79359416854714,-128.6700502932604,-128.23857322362582,0.004313520851638274,-0.0029084747691628197,negative,-128.79359416854714,-128.6700502932604,-128.23857322362582,0.004313520851638274,-0.0029084747691628197
T02,target,regular-sensitivity,50,extended-local,2,0.003,0.01,negative,-127.01370008083347,-124.9159229481789,-122.81814581552433,0.033587025307011166,-0.06062513120963412,negative,-127.01370008083347,-124.9159229481789,-122.81814581552433,0.033587025307011166,-0.06062513120963412
T02,target,regular-sensitivity,50,stress,2,0.03,0.1,negative,-111.5947884571852,-91.82658889450074,-72.05838933181629,0.43055502334723716,-0.3975947194106708,negative,-111.5947884571852,-91.82658889450074,-72.05838933181629,0.43055502334723716,-0.3975947194106708
T03,target,regular-sensitivity,1,confirmatory,3,0.0001,0.001,numerical-zero,-3.824824330712752e-10,4.2392304944183223e-11,2.088444434750203e-09,58.2871554418869,5.127726167861802e-14,numerical-zero,-3.824824330712752e-10,4.2392304944183223e-11,2.088444434750203e-09,58.2871554418869,5.127726167861802e-14
T03,target,regular-sensitivity,1,extended-local,2,0.003,0.01,numerical-zero,-3.469446951953614e-13,1.4889709835467593e-12,3.32488666228888e-12,1.8359156787421207,3.934316752835142e-15,numerical-zero,-3.469446951953614e-13,1.4889709835467593e-12,3.32488666228888e-12,1.8359156787421207,3.934316752835142e-15
T03,target,regular-sensitivity,1,stress,2,0.03,0.1,numerical-zero,5.551115123125782e-15,2.39777333790572e-14,4.240435163498862e-14,0.018426618255931417,1.1051058612408043e-15,numerical-zero,5.551115123125782e-15,2.39777333790572e-14,4.240435163498862e-14,0.018426618255931417,1.1051058612408043e-15
T03,target,regular-sensitivity,5,confirmatory,3,0.0001,0.001,negative,-12.987586679480716,-12.983817102859986,-12.970631789763036,0.0013058478553232636,-0.0008744466575199904,negative,-12.987586679480716,-12.983817102859986,-12.970631789763036,0.0013058478553232636,-0.0008744466575199904
T03,target,regular-sensitivity,5,extended-local,2,0.003,0.01,negative,-12.9330298771161,-12.867636542131903,-12.802243207147706,0.010164000944553062,-0.01872542834152389,negative,-12.9330298771161,-12.867636542131903,-12.802243207147706,0.010164000944553062,-0.01872542834152389
T03,target,regular-sensitivity,5,stress,2,0.03,0.1,negative,-12.435557699772714,-11.833849058797783,-11.232140417822853,0.10169280307451527,-0.16795493832815495,negative,-12.435557699772714,-11.833849058797783,-11.232140417822853,0.10169280307451527,-0.16795493832815495
T03,target,regular-sensitivity,20,confirmatory,3,0.0001,0.001,negative,-264.92876638475707,-264.51334297159656,-263.0659875172588,0.007042286965834798,-0.003813717137330493,negative,-264.92876638475707,-264.51334297159656,-263.0659875172588,0.007042286965834798,-0.003813717137330493
T03,target,regular-sensitivity,20,extended-local,2,0.003,0.01,negative,-258.9870017371288,-252.1678817014173,-245.34876166570572,0.05408396969274476,-0.07762694269710421,negative,-258.9870017371288,-252.1678817014173,-245.34876166570572,0.05408396969274476,-0.07762694269710421
T03,target,regular-sensitivity,20,stress,2,0.03,0.1,negative,-211.37964628536596,-173.07884109564395,-134.77803590592197,0.4425821775471312,-0.4762506814938063,negative,-211.37964628536596,-173.07884109564395,-134.77803590592197,0.4425821775471312,-0.4762506814938063
T03,target,regular-sensitivity,50,confirmatory,3,0.0001,0.001,negative,-1488.8082554117416,-1483.7794705986003,-1466.3324796161671,0.015147652492123425,-0.008397065752437451,negative,-1488.8082554117416,-1483.7794705986003,-1466.3324796161671,0.015147652492123425,-0.008397065752437451
T03,target,regular-sensitivity,50,extended-local,2,0.003,0.01,negative,-1417.792168837371,-1340.236735318247,-1262.6813017991228,0.11573393188735141,-0.1592151036812282,negative,-1417.792168837371,-1340.236735318247,-1262.6813017991228,0.11573393188735141,-0.1592151036812282
T03,target,regular-sensitivity,50,stress,2,0.03,0.1,negative,-929.2221130719437,-683.0173922800061,-436.8126714880685,0.7209325079411882,-0.6749393017036702,negative,-929.2221130719437,-683.0173922800061,-436.8126714880685,0.7209325079411882,-0.6749393017036702
T04,target,regular-sensitivity,1,confirmatory,3,0.0001,0.001,numerical-zero,-7.047314121155779e-12,1.385369442620367e-10,3.190264892538597e-09,23.079130434782606,4.432168397668162e-14,numerical-zero,-7.047314121155779e-12,1.385369442620367e-10,3.190264892538597e-09,23.079130434782606,4.432168397668162e-14
T04,target,regular-sensitivity,1,extended-local,2,0.003,0.01,numerical-zero,-1.5901631863120731e-12,-6.302828629382398e-13,3.2959746043559335e-13,0.9598803233738331,-7.862281331515692e-16,numerical-zero,-1.5901631863120731e-12,-6.302828629382398e-13,3.2959746043559335e-13,0.9598803233738331,-7.862281331515692e-16
T04,target,regular-sensitivity,1,stress,2,0.03,0.1,numerical-zero,-4.163336342344336e-15,-1.5419764230904917e-16,3.854941057726238e-15,0.004009138700035287,-1.6032887421130046e-16,numerical-zero,-4.163336342344336e-15,-1.5419764230904917e-16,3.854941057726238e-15,0.004009138700035287,-1.6032887421130046e-16
T04,target,regular-sensitivity,5,confirmatory,3,0.0001,0.001,negative,-9.06888608798585,-9.067173899683954,-9.061183431794372,0.0008495101424873549,-0.0005829655052617261,negative,-9.06888608798585,-9.067173899683954,-9.061183431794372,0.0008495101424873549,-0.0005829655052617261
T04,target,regular-sensitivity,5,extended-local,2,0.003,0.01,negative,-9.044086983422112,-9.014280034907443,-8.984473086392775,0.006613273250718223,-0.012534877991648426,negative,-9.044086983422112,-9.014280034907443,-8.984473086392775,0.006613273250718223,-0.012534877991648426
T04,target,regular-sensitivity,5,stress,2,0.03,0.1,negative,-8.816064867728143,-8.53252015809634,-8.248975448464538,0.0664621247598817,-0.11673440044050279,negative,-8.816064867728143,-8.53252015809634,-8.248975448464538,0.0664621247598817,-0.11673440044050279
T04,target,regular-sensitivity,20,confirmatory,3,0.0001,0.001,negative,-153.9940794571858,-153.84154329142484,-153.30903087808213,0.004452949212853154,-0.002534055417050328,negative,-153.9940794571858,-153.84154329142484,-153.30903087808213,0.004452949212853154,-0.002534055417050328
T04,target,regular-sensitivity,20,extended-local,2,0.003,0.01,negative,-151.79923587151322,-149.22465292495696,-146.6500699784007,0.034506134155339395,-0.052762049466519176,negative,-151.79923587151322,-149.22465292495696,-146.6500699784007,0.034506134155339395,-0.052762049466519176
T04,target,regular-sensitivity,20,stress,2,0.03,0.1,negative,-133.06384165930268,-114.993887745158,-96.92393383101333,0.31427677189574,-0.37567655304967806,negative,-133.06384165930268,-114.993887745158,-96.92393383101333,0.31427677189574,-0.37567655304967806
T04,target,regular-sensitivity,50,confirmatory,3,0.0001,0.001,negative,-769.1698322854178,-767.6923396556806,-762.5333394543146,0.008644729780786556,-0.005442492140736092,negative,-769.1698322854178,-767.6923396556806,-762.5333394543146,0.008644729780786556,-0.005442492140736092
T04,target,regular-sensitivity,50,extended-local,2,0.003,0.01,negative,-747.9049465949997,-723.0717401810809,-698.238533767162,0.06868808455354594,-0.10901280611095815,negative,-747.9049465949997,-723.0717401810809,-698.238533767162,0.06868808455354594,-0.10901280611095815
T04,target,regular-sensitivity,50,stress,2,0.03,0.1,negative,-573.028863096723,-445.499712749669,-317.97056240261503,0.5725218072978374,-0.5788264547928864,negative,-573.028863096723,-445.499712749669,-317.97056240261503,0.5725218072978374,-0.5788264547928864
T05,target,regular-sensitivity,1,confirmatory,3,0.0001,0.001,numerical-zero,-5.064409991633463e-10,-4.0911691352382706e-11,4.031770949812063e-09,110.92701863354037,-2.4557241456056332e-12,numerical-zero,-5.064409991633463e-10,-4.0911691352382706e-11,4.031770949812063e-09,110.92701863354037,-2.4557241456056332e-12
T05,target,regular-sensitivity,1,extended-local,2,0.003,0.01,numerical-zero,-1.3017955251579424e-12,-4.760701622656836e-13,3.496552006265752e-13,0.8257253628922588,-1.2270146869692737e-14,numerical-zero,-1.3017955251579424e-12,-4.760701622656836e-13,3.496552006265752e-13,0.8257253628922588,-1.2270146869692737e-14
T05,target,regular-sensitivity,1,stress,2,0.03,0.1,numerical-zero,-6.746146851020917e-15,-5.324637335984366e-15,-3.903127820947815e-15,0.001421509515036551,-1.7788323417720307e-14,numerical-zero,-6.746146851020917e-15,-5.324637335984366e-15,-3.903127820947815e-15,0.001421509515036551,-1.7788323417720307e-14
T05,target,regular-sensitivity,5,confirmatory,3,0.0001,0.001,negative,-0.11644755151358707,-0.11644352084560594,-0.11642931867740709,0.00015658094196717534,-0.0001472244776893664,negative,-0.11644755151358707,-0.11644352084560594,-0.11642931867740709,0.00015658094196717534,-0.0001472244776893664
T05,target,regular-sensitivity,5,extended-local,2,0.003,0.01,negative,-0.1163887331791414,-0.11631768923622943,-0.11624664529331745,0.0012215501077861757,-0.003185368696372218,negative,-0.1163887331791414,-0.11631768923622943,-0.11624664529331745,0.0012215501077861757,-0.003185368696372218
T05,target,regular-sensitivity,5,stress,2,0.03,0.1,negative,-0.11584035797461886,-0.11512757733573736,-0.11441479669685586,0.01238244833039219,-0.0314330062958116,negative,-0.11584035797461886,-0.11512757733573736,-0.11441479669685586,0.01238244833039219,-0.0314330062958116
T05,target,regular-sensitivity,20,confirmatory,3,0.0001,0.001,negative,-4.220193098781089,-4.2197545529111276,-4.21821669401544,0.0004683696032239449,-0.0005638545257152737,negative,-4.220193098781089,-4.2197545529111276,-4.21821669401544,0.0004683696032239449,-0.0005638545257152737
T05,target,regular-sensitivity,20,extended-local,2,0.003,0.01,negative,-4.213798339948083,-4.205925740194344,-4.198053140440604,0.003743575250748802,-0.012164538652432881,negative,-4.213798339948083,-4.205925740194344,-4.198053140440604,0.003743575250748802,-0.012164538652432881
T05,target,regular-sensitivity,20,stress,2,0.03,0.1,negative,-4.150773766977839,-4.05686625430687,-3.9629587416359016,0.04629559210697369,-0.11598865751514584,negative,-4.150773766977839,-4.05686625430687,-3.9629587416359016,0.04629559210697369,-0.11598865751514584
T05,target,regular-sensitivity,50,confirmatory,3,0.0001,0.001,negative,-11.676263226254557,-11.667668881476274,-11.665198691349728,0.0009483072426228382,-0.0007434288554330213,negative,-11.676263226254557,-11.667668881476274,-11.665198691349728,0.0009483072426228382,-0.0007434288554330213
T05,target,regular-sensitivity,50,extended-local,2,0.003,0.01,negative,-11.779562371117338,-11.739969546406662,-11.700376721695989,0.00674496208089282,-0.016236870719182207,negative,-11.779562371117338,-11.739969546406662,-11.700376721695989,0.00674496208089282,-0.016236870719182207
T05,target,regular-sensitivity,50,stress,2,0.03,0.1,negative,-8.55205276474628,-6.208208479547208,-3.8643641943481346,0.755079115954566,-0.0682831726155567,negative,-8.55205276474628,-6.208208479547208,-3.8643641943481346,0.755079115954566,-0.0682831726155567
T06,target,regular-sensitivity,1,confirmatory,3,0.0001,0.001,numerical-zero,-1.2227391167475413e-10,-3.6700243538634325e-11,2.4082840756334267e-09,68.95207615296242,-1.1004652050727871e-13,numerical-zero,-1.2227391167475413e-10,-3.6700243538634325e-11,2.4082840756334267e-09,68.95207615296242,-1.1004652050727871e-13
T06,target,regular-sensitivity,1,extended-local,2,0.003,0.01,numerical-zero,-6.071532165918825e-14,1.7829102391983844e-14,9.637352644315595e-14,0.07854442405117211,-4.77048955893622e-16,numerical-zero,-6.071532165918825e-14,1.7829102391983844e-14,9.637352644315595e-14,0.07854442405117211,-4.77048955893622e-16
T06,target,regular-sensitivity,1,stress,2,0.03,0.1,numerical-zero,2.081668171172168e-15,6.8232456721754415e-15,1.1564823173178714e-14,0.004741577501003273,8.326672684688675e-16,numerical-zero,2.081668171172168e-15,6.8232456721754415e-15,1.1564823173178714e-14,0.004741577501003273,8.326672684688675e-16
T06,target,regular-sensitivity,5,confirmatory,3,0.0001,0.001,negative,-3.3330000250329306,-3.332333483837321,-3.330001666318732,0.0008997775068856218,-0.0005998200270907178,negative,-3.3330000250329306,-3.332333483837321,-3.330001666318732,0.0008997775068856218,-0.0005998200270907178
T06,target,regular-sensitivity,5,extended-local,2,0.003,0.01,negative,-3.323348324331283,-3.31175732883253,-3.3001663333337774,0.0069999063022161976,-0.012891512491899487,negative,-3.323348324331283,-3.31175732883253,-3.3001663333337774,0.0069999063022161976,-0.012891512491899487
T06,target,regular-sensitivity,5,stress,2,0.03,0.1,negative,-3.234824333333252,-3.125578833333293,-3.016333333333334,0.06990417188323052,-0.11960341899999932,negative,-3.234824333333252,-3.125578833333293,-3.016333333333334,0.06990417188323052,-0.11960341899999932
T06,target,regular-sensitivity,20,confirmatory,3,0.0001,0.001,negative,-63.29534948012116,-63.21947854810756,-62.95494317824432,0.005384516128487264,-0.002844876534664841,negative,-63.29534948012116,-63.21947854810756,-62.95494317824432,0.005384516128487264,-0.002844876534664841
T06,target,regular-sensitivity,20,extended-local,2,0.003,0.01,negative,-62.20772983760054,-60.94876091418515,-59.68979199076976,0.041312371393013074,-0.058764083206537476,negative,-62.20772983760054,-60.94876091418515,-59.68979199076976,0.041312371393013074,-0.058764083206537476
T06,target,regular-sensitivity,20,stress,2,0.03,0.1,negative,-53.25716404694336,-45.32152626664782,-37.385888486352286,0.3501928745120565,-0.40022278275326484,negative,-53.25716404694336,-45.32152626664782,-37.385888486352286,0.3501928745120565,-0.40022278275326484
T06,target,regular-sensitivity,50,confirmatory,3,0.0001,0.001,negative,-407.6807669717124,-406.38022331481056,-401.87606567723344,0.014283916788889153,-0.007314844019666592,negative,-407.6807669717124,-406.38022331481056,-401.87606567723344,0.014283916788889153,-0.007314844019666592
T06,target,regular-sensitivity,50,extended-local,2,0.003,0.01,negative,-389.40558558024406,-369.7129046860168,-350.0202237917896,0.10652958360191125,-0.1400525698397589,negative,-389.40558558024406,-369.7129046860168,-350.0202237917896,0.10652958360191125,-0.1400525698397589
T06,target,regular-sensitivity,50,stress,2,0.03,0.1,negative,-265.95013901755806,-199.727632428901,-133.50512584024392,0.6631281388891539,-0.6398705026365343,negative,-265.95013901755806,-199.727632428901,-133.50512584024392,0.6631281388891539,-0.6398705026365343
T07,target,regular-sensitivity,1,confirmatory,3,0.0001,0.001,numerical-zero,-4.565168772521777e-09,-5.410168840702667e-11,1.746770166782202e-10,87.6099421064351,-1.0266506341898015e-13,numerical-zero,-4.565168772521777e-09,-5.410168840702667e-11,1.746770166782202e-10,87.6099421064351,-1.0266506341898015e-13
T07,target,regular-sensitivity,1,extended-local,2,0.003,0.01,numerical-zero,-2.8912057932946783e-13,-2.7900135905293644e-13,-2.688821387764051e-13,0.010119220276531367,-3.3741624049524545e-15,numerical-zero,-2.8912057932946783e-13,-2.7900135905293644e-13,-2.688821387764051e-13,0.010119220276531367,-3.3741624049524545e-15
T07,target,regular-sensitivity,1,stress,2,0.03,0.1,numerical-zero,1.3877787807814455e-15,1.8041124150158794e-14,3.469446951953614e-14,0.016653345369377348,1.119234358715936e-15,numerical-zero,1.3877787807814455e-15,1.8041124150158794e-14,3.469446951953614e-14,0.016653345369377348,1.119234358715936e-15
T07,target,regular-sensitivity,5,confirmatory,3,0.0001,0.001,negative,-1.954352844531562,-1.9542185125268896,-1.9537483387762138,0.00030933375744489523,-0.00023537406017120472,negative,-1.954352844531562,-1.9542185125268896,-1.9537483387762138,0.00030933375744489523,-0.00023537406017120472
T07,target,regular-sensitivity,5,extended-local,2,0.003,0.01,negative,-1.952404985579978,-1.950054161492025,-1.947703337404072,0.002411034661882828,-0.0050856005889970465,negative,-1.952404985579978,-1.950054161492025,-1.947703337404072,0.002411034661882828,-0.0050856005889970465
T07,target,regular-sensitivity,5,stress,2,0.03,0.1,negative,-1.934271795149884,-1.9107956449264596,-1.887319494703035,0.024572120295289927,-0.049534658002261145,negative,-1.934271795149884,-1.9107956449264596,-1.887319494703035,0.024572120295289927,-0.049534658002261145
T07,target,regular-sensitivity,20,confirmatory,3,0.0001,0.001,negative,-17.62600977630495,-17.623218402873125,-17.613434546956235,0.0007135603191903854,-0.0006864901782870258,negative,-17.62600977630495,-17.623218402873125,-17.613434546956235,0.0007135603191903854,-0.0006864901782870258
T07,target,regular-sensitivity,20,extended-local,2,0.003,0.01,negative,-17.585361196502237,-17.5355524741582,-17.485743751814162,0.005680884296909342,-0.014777327946357874,negative,-17.585361196502237,-17.5355524741582,-17.485743751814162,0.005680884296909342,-0.014777327946357874
T07,target,regular-sensitivity,20,stress,2,0.03,0.1,negative,-17.190314415892566,-16.62685961433182,-16.063404812771072,0.06777645504086253,-0.13776961641593743,negative,-17.190314415892566,-16.62685961433182,-16.063404812771072,0.06777645504086253,-0.13776961641593743
T07,target,regular-sensitivity,50,confirmatory,3,0.0001,0.001,negative,-31.513346061605095,-31.508960841945864,-31.507674810990135,0.0001799885005223549,-0.0008269374051126764,negative,-31.513346061605095,-31.508960841945864,-31.507674810990135,0.0001799885005223549,-0.0008269374051126764
T07,target,regular-sensitivity,50,extended-local,2,0.003,0.01,negative,-31.553602766797997,-31.539241691028273,-31.52488061525855,0.0009106798388122997,-0.017938592905781564,negative,-31.553602766797997,-31.539241691028273,-31.52488061525855,0.0009106798388122997,-0.017938592905781564
T07,target,regular-sensitivity,50,stress,2,0.03,0.1,negative,-31.53543120187131,-30.958738334172914,-30.382045466474512,0.03725557944083489,-0.1742752815592513,negative,-31.53543120187131,-30.958738334172914,-30.382045466474512,0.03725557944083489,-0.1742752815592513
T08,target,regular-sensitivity,1,confirmatory,3,0.0001,0.001,numerical-zero,-5.0428953547732025e-09,-4.662069341687669e-12,1.698583403560624e-10,1118.1201550387595,-5.863909927384288e-15,numerical-zero,-5.0428953547732025e-09,-4.662069341687669e-12,1.698583403560624e-10,1118.1201550387595,-5.863909927384288e-15
T08,target,regular-sensitivity,1,extended-local,2,0.003,0.01,numerical-zero,8.673617379884035e-14,2.356332721535163e-12,4.625929269271485e-12,1.9263803680981595,9.273159885165851e-15,numerical-zero,8.673617379884035e-14,2.356332721535163e-12,4.625929269271485e-12,1.9263803680981595,9.273159885165851e-15
T08,target,regular-sensitivity,1,stress,2,0.03,0.1,numerical-zero,-3.0839528461809903e-14,-1.6807543011686397e-14,-2.775557561562891e-15,0.014031985450123506,-7.563989239664694e-16,numerical-zero,-3.0839528461809903e-14,-1.6807543011686397e-14,-2.775557561562891e-15,0.014031985450123506,-7.563989239664694e-16
T08,target,regular-sensitivity,5,confirmatory,3,0.0001,0.001,negative,-12.008864289997843,-12.005174279982155,-11.992268552758757,0.0013823820339500335,-0.0009133819399628509,negative,-12.008864289997843,-12.005174279982155,-11.992268552758757,0.0013823820339500335,-0.0009133819399628509
T08,target,regular-sensitivity,5,extended-local,2,0.003,0.01,negative,-11.9554747317549,-11.891548534851207,-11.827622337947513,0.010751534455977999,-0.019545892905470756,negative,-11.9554747317549,-11.891548534851207,-11.827622337947513,0.010751534455977999,-0.019545892905470756
T08,target,regular-sensitivity,5,stress,2,0.03,0.1,negative,-11.470174740894793,-10.888657749794437,-10.30714075869408,0.1068115105576414,-0.17433248733354015,negative,-11.470174740894793,-10.888657749794437,-10.30714075869408,0.1068115105576414,-0.17433248733354015
T08,target,regular-sensitivity,20,confirmatory,3,0.0001,0.001,negative,-229.96436416353097,-229.51913112494984,-227.97086834364967,0.008685532269621776,-0.004519121661837996,negative,-229.96436416353097,-229.51913112494984,-227.97086834364967,0.008685532269621776,-0.004519121661837996
T08,target,regular-sensitivity,20,extended-local,2,0.003,0.01,negative,-223.63196414236276,-216.5058826243325,-209.3798011063022,0.06582806371497081,-0.09072582930506637,negative,-223.63196414236276,-216.5058826243325,-209.3798011063022,0.06582806371497081,-0.09072582930506637
T08,target,regular-sensitivity,20,stress,2,0.03,0.1,negative,-175.46850032061195,-140.72222443028582,-105.97594853995969,0.4938278375146,-0.5205138030674398,negative,-175.46850032061195,-140.72222443028582,-105.97594853995969,0.4938278375146,-0.5205138030674398
T08,target,regular-sensitivity,50,confirmatory,3,0.0001,0.001,negative,-1471.096230594958,-1462.7811495606907,-1434.261312923728,0.02518142764028125,-0.012615169689787537,negative,-1471.096230594958,-1462.7811495606907,-1434.261312923728,0.02518142764028125,-0.012615169689787537
T08,target,regular-sensitivity,50,extended-local,2,0.003,0.01,negative,-1357.495110658017,-1246.1410847426687,-1134.7870588273206,0.1787181680770008,-0.221644464347089,negative,-1357.495110658017,-1246.1410847426687,-1134.7870588273206,0.1787181680770008,-0.221644464347089
T08,target,regular-sensitivity,50,stress,2,0.03,0.1,negative,-745.1201365190303,-527.5415373650163,-309.9629382110024,0.8248776020208133,-0.7668246834164416,negative,-742.0142318310136,-521.7436425941686,-301.4730533573235,0.8443632897628984,-0.7532824671029599
T09,target,regular-sensitivity,1,confirmatory,3,0.0001,0.001,numerical-zero,-5.679186504750633e-09,-7.365045591148059e-10,5.659535340374333e-11,7.787842976896339,-9.406143350939875e-13,numerical-zero,-5.679186504750633e-09,-7.365045591148059e-10,5.659535340374333e-11,7.787842976896339,-9.406143350939875e-13
T09,target,regular-sensitivity,1,extended-local,2,0.003,0.01,numerical-zero,9.410874857174178e-13,1.0367382107122501e-12,1.1323889357070824e-12,0.09565072499483226,2.7262622805750086e-14,numerical-zero,9.410874857174178e-13,1.0367382107122501e-12,1.1323889357070824e-12,0.09565072499483226,2.7262622805750086e-14
T09,target,regular-sensitivity,1,stress,2,0.03,0.1,numerical-zero,-5.2041704279304205e-15,2.3418766925686896e-14,5.204170427930421e-14,0.028622937353617317,2.21547273365012e-15,numerical-zero,-5.2041704279304205e-15,2.3418766925686896e-14,5.204170427930421e-14,0.028622937353617317,2.21547273365012e-15
T09,target,regular-sensitivity,5,confirmatory,3,0.0001,0.001,negative,-0.9180444338351178,-0.9180036269972588,-0.917860836040273,0.00019999680768726324,-0.00022547655005702115,negative,-0.9180444338351178,-0.9180036269972588,-0.917860836040273,0.00019999680768726324,-0.00022547655005702115
T09,target,regular-sensitivity,5,extended-local,2,0.003,0.01,negative,-0.917452715659057,-0.9167376419947835,-0.9160225683305101,0.0015600399318554295,-0.00487653901960949,negative,-0.917452715659057,-0.9167376419947835,-0.9160225683305101,0.0015600399318554295,-0.00487653901960949
T09,target,regular-sensitivity,5,stress,2,0.03,0.1,negative,-0.9119217998608311,-0.9046632988110448,-0.8974047977612585,0.01604685645880807,-0.047935328439056124,negative,-0.9119217998608311,-0.9046632988110448,-0.8974047977612585,0.01604685645880807,-0.047935328439056124
T09,target,regular-sensitivity,20,confirmatory,3,0.0001,0.001,negative,-8.987726455461122,-8.987696899013653,-8.987581153447646,1.6166768317626213e-05,-0.0005715998069138904,negative,-8.987726455461122,-8.987696899013653,-8.987581153447646,1.6166768317626213e-05,-0.0005715998069138904
T09,target,regular-sensitivity,20,extended-local,2,0.003,0.01,negative,-8.987144660549587,-8.985765126551378,-8.98438559255317,0.0003070487551765745,-0.012380977000680509,negative,-8.987144660549587,-8.985765126551378,-8.98438559255317,0.0003070487551765745,-0.012380977000680509
T09,target,regular-sensitivity,20,stress,2,0.03,0.1,negative,-8.96604560320486,-8.876157248556542,-8.786268893908225,0.020253889635165025,-0.12164270516367892,negative,-8.96604560320486,-8.876157248556542,-8.786268893908225,0.020253889635165025,-0.12164270516367892
T09,target,regular-sensitivity,50,confirmatory,3,0.0001,0.001,negative,-12.882039753981008,-12.860881084181651,-12.854829386892142,0.0021157467292294437,-0.0005014324374764841,negative,-12.882039753981008,-12.860881084181651,-12.854829386892142,0.0021157467292294437,-0.0005014324374764841
T09,target,regular-sensitivity,50,extended-local,2,0.003,0.01,negative,-13.150634691166534,-13.04646499064513,-12.942295290123726,0.015969030782836312,-0.011068527308780506,negative,-13.150634691166534,-13.04646499064513,-12.942295290123726,0.015969030782836312,-0.011068527308780506
T09,target,regular-sensitivity,50,stress,2,0.03,0.1,negative,-15.146847631151914,-14.432227739115843,-13.717607847079773,0.09903112741205262,-0.1251684173928214,negative,-15.146847631151914,-14.432227739115843,-13.717607847079773,0.09903112741205262,-0.1251684173928214
T10,target,regular-sensitivity,1,confirmatory,3,0.0001,0.001,numerical-zero,-1.6097390588708396e-10,-3.9085488318102435e-11,1.8295911660692887e-09,50.928494375096314,-1.0529979667820183e-13,numerical-zero,-1.6097390588708396e-10,-3.9085488318102435e-11,1.8295911660692887e-09,50.928494375096314,-1.0529979667820183e-13
T10,target,regular-sensitivity,1,extended-local,2,0.003,0.01,numerical-zero,-6.987080667128806e-13,-3.6019605508129534e-13,-2.168404344971009e-14,0.33851201163158523,-3.1156666608436976e-15,numerical-zero,-6.987080667128806e-13,-3.6019605508129534e-13,-2.168404344971009e-14,0.33851201163158523,-3.1156666608436976e-15
T10,target,regular-sensitivity,1,stress,2,0.03,0.1,numerical-zero,6.938893903907227e-16,5.817106056108894e-14,1.1564823173178715e-13,0.05747717117069821,4.7669699910908576e-15,numerical-zero,6.938893903907227e-16,5.817106056108894e-14,1.1564823173178715e-13,0.05747717117069821,4.7669699910908576e-15
T10,target,regular-sensitivity,5,confirmatory,3,0.0001,0.001,negative,-1.903052402818452,-1.902865178582711,-1.902210031497426,0.00044268576171715437,-0.00030420396735980783,negative,-1.903052402818452,-1.902865178582711,-1.902210031497426,0.00044268576171715437,-0.00030420396735980783
T10,target,regular-sensitivity,5,extended-local,2,0.003,0.01,negative,-1.9003394167709158,-1.89707302041607,-1.8938066240612241,0.003443616897919334,-0.006564931082712102,negative,-1.9003394167709158,-1.89707302041607,-1.8938066240612241,0.003443616897919334,-0.006564931082712102
T10,target,regular-sensitivity,5,stress,2,0.03,0.1,negative,-1.8752641039581184,-1.8435209920667268,-1.8117778801753355,0.03443748351984321,-0.06326327103421853,negative,-1.8752641039581184,-1.8435209920667268,-1.8117778801753355,0.03443748351984321,-0.06326327103421853
T10,target,regular-sensitivity,20,confirmatory,3,0.0001,0.001,negative,-36.52557108681708,-36.50326997313783,-36.42538076694888,0.0027446943778443086,-0.0014274208677519686,negative,-36.52557108681708,-36.50326997313783,-36.42538076694888,0.0027446943778443086,-0.0014274208677519686
T10,target,regular-sensitivity,20,extended-local,2,0.003,0.01,negative,-36.20424234111471,-35.82525883587925,-35.446275330643786,0.021157335218240255,-0.030180109181698837,negative,-36.20424234111471,-35.82525883587925,-35.446275330643786,0.021157335218240255,-0.030180109181698837
T10,target,regular-sensitivity,20,stress,2,0.03,0.1,negative,-33.40978064147037,-30.46960467424904,-27.52942870702771,0.1929907524994034,-0.24474075188123434,negative,-33.40978064147037,-30.46960467424904,-27.52942870702771,0.1929907524994034,-0.24474075188123434
T10,target,regular-sensitivity,50,confirmatory,3,0.0001,0.001,negative,-232.15078352890188,-231.7518143673648,-230.36475779272814,0.007706631083123242,-0.003645505574570269,negative,-232.15078352890188,-231.7518143673648,-230.36475779272814,0.007706631083123242,-0.003645505574570269
T10,target,regular-sensitivity,50,extended-local,2,0.003,0.01,negative,-226.48003852685105,-220.10743601683322,-213.73483350681536,0.05790447270059956,-0.07384780731387329,negative,-226.48003852685105,-220.10743601683322,-213.73483350681536,0.05790447270059956,-0.07384780731387329
T10,target,regular-sensitivity,50,stress,2,0.03,0.1,negative,-183.32559015082165,-150.86404159516132,-118.40249303950097,0.4303417595396236,-0.4546036229899424,negative,-183.32559015082165,-150.86404159516132,-118.40249303950097,0.4303417595396236,-0.4546036229899424
T11,target,regular-sensitivity,1,confirmatory,3,0.0001,0.001,numerical-zero,-6.01732205729455e-10,-1.2332799712022616e-10,5.084908188957016e-11,5.29142857142857,-9.685670040403927e-14,numerical-zero,-6.01732205729455e-10,-1.2332799712022616e-10,5.084908188957016e-11,5.29142857142857,-9.685670040403927e-14
T11,target,regular-sensitivity,1,extended-local,2,0.003,0.01,numerical-zero,1.734723475976807e-14,1.5386033496649846e-12,3.059859464570201e-12,1.5212561149052166,1.2242497711631434e-14,numerical-zero,1.734723475976807e-14,1.5386033496649846e-12,3.059859464570201e-12,1.5212561149052166,1.2242497711631434e-14
T11,target,regular-sensitivity,1,stress,2,0.03,0.1,numerical-zero,-4.163336342344336e-15,1.7193037117459022e-14,3.854941057726238e-14,0.02135637345980336,9.688035283393039e-16,numerical-zero,-4.163336342344336e-15,1.7193037117459022e-14,3.854941057726238e-14,0.02135637345980336,9.688035283393039e-16
T11,target,regular-sensitivity,5,confirmatory,3,0.0001,0.001,negative,-0.8957070323130106,-0.8957026711898826,-0.8956874223576411,2.189337600555182e-05,-0.00014613633758737903,negative,-0.8957070323130106,-0.8957026711898826,-0.8956874223576411,2.189337600555182e-05,-0.00014613633758737903
T11,target,regular-sensitivity,5,extended-local,2,0.003,0.01,negative,-0.8956435892626942,-0.8955652750062159,-0.8954869607497375,0.0001748934637461535,-0.0031656525550447434,negative,-0.8956435892626942,-0.8955652750062159,-0.8954869607497375,0.0001748934637461535,-0.0031656525550447434
T11,target,regular-sensitivity,5,stress,2,0.03,0.1,negative,-0.8950118865279046,-0.894019205336277,-0.8930265241446492,0.0022207155857559484,-0.03158446785689553,negative,-0.8950118865279046,-0.894019205336277,-0.8930265241446492,0.0022207155857559484,-0.03158446785689553
T11,target,regular-sensitivity,20,confirmatory,3,0.0001,0.001,negative,-9.400864863710716,-9.400310268538847,-9.40015008656916,7.603761164641774e-05,-0.00047393060439232857,negative,-9.400864863710716,-9.400310268538847,-9.40015008656916,7.603761164641774e-05,-0.00047393060439232857
T11,target,regular-sensitivity,20,extended-local,2,0.003,0.01,negative,-9.407151518131956,-9.404774625164038,-9.40239773219612,0.0005054651626756557,-0.010274771170729134,negative,-9.407151518131956,-9.404774625164038,-9.40239773219612,0.0005054651626756557,-0.010274771170729134
T11,target,regular-sensitivity,20,stress,2,0.03,0.1,negative,-9.415297303389032,-9.394830493195219,-9.374363683001405,0.00435703660830019,-0.10250472135808894,negative,-9.415297303389032,-9.394830493195219,-9.374363683001405,0.00435703660830019,-0.10250472135808894
T11,target,regular-sensitivity,50,confirmatory,3,0.0001,0.001,negative,-20.564900832733755,-20.55971665825189,-20.558244642602563,0.0003237491178420777,-0.0006663914046834809,negative,-20.564900832733755,-20.55971665825189,-20.558244642602563,0.0003237491178420777,-0.0006663914046834809
T11,target,regular-sensitivity,50,extended-local,2,0.003,0.01,negative,-20.635449589385956,-20.607713732300454,-20.57997787521495,0.0026917937084917653,-0.014482675551498368,negative,-20.635449589385956,-20.607713732300454,-20.57997787521495,0.0026917937084917653,-0.014482675551498368
T11,target,regular-sensitivity,50,stress,2,0.03,0.1,negative,-21.227381207101764,-21.017366348880422,-20.80735149065908,0.019984888185814915,-0.14839290460492238,negative,-21.227381207101764,-21.017366348880422,-20.80735149065908,0.019984888185814915,-0.14839290460492238
T12,target,regular-sensitivity,1,confirmatory,3,0.0001,0.001,numerical-zero,-2.653584817158272e-09,-5.734224823367779e-10,3.989863994746656e-11,4.697205882352941,-1.526023458906782e-13,numerical-zero,-2.653584817158272e-09,-5.734224823367779e-10,3.989863994746656e-11,4.697205882352941,-1.526023458906782e-13
T12,target,regular-sensitivity,1,extended-local,2,0.003,0.01,numerical-zero,-2.072030818527853e-12,-6.977443314484491e-13,6.765421556309548e-13,1.3742864870794038,2.4365080436326755e-16,numerical-zero,-2.072030818527853e-12,-6.977443314484491e-13,6.765421556309548e-13,1.3742864870794038,2.4365080436326755e-16
T12,target,regular-sensitivity,1,stress,2,0.03,0.1,numerical-zero,-7.709882115452476e-15,-5.936609228898406e-15,-4.163336342344336e-15,0.0017732728865540697,-2.8725147461774716e-16,numerical-zero,-7.709882115452476e-15,-5.936609228898406e-15,-4.163336342344336e-15,0.0017732728865540697,-2.8725147461774716e-16
T12,target,regular-sensitivity,5,confirmatory,3,0.0001,0.001,negative,-15.215596721365308,-15.211227099146036,-15.19594852288607,0.0012916905619232747,-0.0007235364779004467,negative,-15.215596721365308,-15.211227099146036,-15.19594852288607,0.0012916905619232747,-0.0007235364779004467
T12,target,regular-sensitivity,5,extended-local,2,0.003,0.01,negative,-15.152424358754685,-15.077001458252557,-15.00157855775043,0.010005026624288626,-0.015496436443613749,negative,-15.152424358754685,-15.077001458252557,-15.00157855775043,0.010005026624288626,-0.015496436443613749
T12,target,regular-sensitivity,5,stress,2,0.03,0.1,negative,-14.582974008911263,-13.916003060303282,-13.2490321116953,0.09585668323264163,-0.13971645243880687,negative,-14.582974008911263,-13.916003060303282,-13.2490321116953,0.09585668323264163,-0.13971645243880687
T12,target,regular-sensitivity,20,confirmatory,3,0.0001,0.001,negative,-922.2766084278181,-918.7418614090545,-906.5761715547211,0.017089062262840196,-0.006647271527818859,negative,-922.2766084278181,-918.7418614090545,-906.5761715547211,0.017089062262840196,-0.006647271527818859
T12,target,regular-sensitivity,20,extended-local,2,0.003,0.01,negative,-873.4909408964162,-823.8559731405555,-774.2210053846948,0.12049428388957652,-0.12495995834159891,negative,-873.4909408964162,-823.8559731405555,-774.2210053846948,0.12049428388957652,-0.12495995834159891
T12,target,regular-sensitivity,20,stress,2,0.03,0.1,negative,-582.8496952164423,-445.2912202313585,-307.7327452462747,0.6178360081459185,-0.5819355261074585,negative,-582.8496952164423,-445.2912202313585,-307.7327452462747,0.6178360081459185,-0.5819355261074585
T12,target,regular-sensitivity,50,confirmatory,3,0.0001,0.001,negative,-135636.96170753107,-128641.34575811107,-108968.27007253507,0.20731042168310404,-0.07968178179927327,negative,-135636.96170753107,-128641.34575811107,-108968.27007253507,0.20731042168310404,-0.07968178179927327
T12,target,regular-sensitivity,50,extended-local,2,0.003,0.01,negative,-75824.48417445192,-56263.28032157427,-36702.076468696614,0.6953453030493449,-0.6137264580776751,negative,-75824.48417445192,-56263.28032157427,-36702.076468696614,0.6953453030493449,-0.6137264580776751
T12,target,regular-sensitivity,50,stress,2,0.03,0.1,negative,-14799.991894001168,-9778.951357562175,-4757.91082112318,1.0269077640019482,-0.9495466186352085,negative,-14799.991894001168,-9767.657792768277,-4735.3236915353855,1.0304075363816905,-0.947214834971255
T13,target,analytic-zero,1,confirmatory,3,0.0001,0.001,numerical-zero,0.0,0.0,0.0,0.0,,numerical-zero,0.0,0.0,0.0,0.0,
T13,target,analytic-zero,1,extended-local,2,0.003,0.01,numerical-zero,0.0,0.0,0.0,0.0,,numerical-zero,0.0,0.0,0.0,0.0,
T13,target,analytic-zero,1,stress,2,0.03,0.1,numerical-zero,0.0,5.551115123125782e-15,1.1102230246251564e-14,0.005551115123125782,,numerical-zero,0.0,5.551115123125782e-15,1.1102230246251564e-14,0.005551115123125782,
T13,target,analytic-zero,5,confirmatory,3,0.0001,0.001,numerical-zero,0.0,0.0,0.0,0.0,,numerical-zero,0.0,0.0,0.0,0.0,
T13,target,analytic-zero,5,extended-local,2,0.003,0.01,numerical-zero,0.0,0.0,0.0,0.0,,numerical-zero,0.0,0.0,0.0,0.0,
T13,target,analytic-zero,5,stress,2,0.03,0.1,numerical-zero,0.0,1.6653345369377345e-14,3.330669073875469e-14,0.016653345369377345,,numerical-zero,0.0,1.6653345369377345e-14,3.330669073875469e-14,0.016653345369377345,
T13,target,analytic-zero,20,confirmatory,3,0.0001,0.001,numerical-zero,0.0,0.0,0.0,0.0,,numerical-zero,0.0,0.0,0.0,0.0,
T13,target,analytic-zero,20,extended-local,2,0.003,0.01,numerical-zero,0.0,0.0,0.0,0.0,,numerical-zero,0.0,0.0,0.0,0.0,
T13,target,analytic-zero,20,stress,2,0.03,0.1,numerical-zero,0.0,1.6653345369377345e-14,3.330669073875469e-14,0.016653345369377345,,numerical-zero,0.0,1.6653345369377345e-14,3.330669073875469e-14,0.016653345369377345,
T13,target,analytic-zero,50,confirmatory,3,0.0001,0.001,numerical-zero,0.0,0.0,0.0,0.0,,numerical-zero,0.0,0.0,0.0,0.0,
T13,target,analytic-zero,50,extended-local,2,0.003,0.01,numerical-zero,0.0,0.0,0.0,0.0,,numerical-zero,0.0,0.0,0.0,0.0,
T13,target,analytic-zero,50,stress,2,0.03,0.1,numerical-zero,0.0,1.6653345369377345e-14,3.330669073875469e-14,0.016653345369377345,,numerical-zero,0.0,1.6653345369377345e-14,3.330669073875469e-14,0.016653345369377345,
T14,target,low-sensitivity,1,confirmatory,3,0.0001,0.001,numerical-zero,-1.5890824969900513e-09,-2.212988810452514e-10,-8.951931065993286e-11,6.776189645638047,,numerical-zero,-1.5890824969900513e-09,-2.212988810452514e-10,-8.951931065993286e-11,6.776189645638047,
T14,target,low-sensitivity,1,extended-local,2,0.003,0.01,numerical-zero,-7.01468689920337e-14,4.648056864201273e-13,9.997582418322881e-13,0.5349525554121609,,numerical-zero,-7.01468689920337e-14,4.648056864201273e-13,9.997582418322881e-13,0.5349525554121609,
T14,target,low-sensitivity,1,stress,2,0.03,0.1,numerical-zero,-8.506134658763039e-14,-4.4650237962635495e-14,-4.239129337640597e-15,0.0404111086249949,,numerical-zero,-8.506134658763039e-14,-4.4650237962635495e-14,-4.239129337640597e-15,0.0404111086249949,
T14,target,low-sensitivity,5,confirmatory,3,0.0001,0.001,numerical-zero,-2.367452869041016e-09,-7.021183321032811e-11,1.0612207513615891e-09,48.83327302011322,,numerical-zero,-2.367452869041016e-09,-7.021183321032811e-11,1.0612207513615891e-09,48.83327302011322,
T14,target,low-sensitivity,5,extended-local,2,0.003,0.01,numerical-zero,-2.2106729520373038e-13,2.8362701700364778e-12,5.893607635276686e-12,2.1558859219683484,,numerical-zero,-2.2106729520373038e-13,2.8362701700364778e-12,5.893607635276686e-12,2.1558859219683484,
T14,target,low-sensitivity,5,stress,2,0.03,0.1,numerical-zero,-3.0498556186481426e-13,-1.441172427616534e-13,1.6751076341507437e-14,0.16086831910316085,,numerical-zero,-3.0498556186481426e-13,-1.441172427616534e-13,1.6751076341507437e-14,0.16086831910316085,
T14,target,low-sensitivity,20,confirmatory,3,0.0001,0.001,numerical-zero,-1.6952930965887913e-10,1.346953065769286e-09,2.1904874895992564e-09,1.7521150953468878,,numerical-zero,-1.6952930965887913e-10,1.8095459926964346e-09,7.741602612725039e-09,4.371887730024152,
T14,target,low-sensitivity,20,extended-local,2,0.003,0.01,numerical-zero,-1.409808621135698e-12,6.50566847736704e-12,1.4421145575869779e-11,2.4334093032992277,,numerical-zero,-1.409808621135698e-12,6.50566847736704e-12,1.4421145575869779e-11,2.4334093032992277,
T14,target,low-sensitivity,20,stress,2,0.03,0.1,numerical-zero,-5.316152639688524e-13,-2.5858245131745143e-13,1.445036133394959e-14,0.273032812651401,,numerical-zero,-5.316152639688524e-13,-2.5858245131745143e-13,1.445036133394959e-14,0.273032812651401,
T14,target,low-sensitivity,50,confirmatory,3,0.0001,0.001,numerical-zero,1.478702138426059e-10,5.396385738236466e-09,4.116917526877541e-08,7.601625800074576,,numerical-zero,1.478702138426059e-10,5.396385738236466e-09,4.672029039190119e-08,8.630298580782776,
T14,target,low-sensitivity,50,extended-local,2,0.003,0.01,numerical-zero,1.7419008449150002e-12,2.3974009639801495e-11,4.620611843468799e-11,1.8546842292060226,,numerical-zero,1.7419008449150002e-12,2.3974009639801495e-11,4.620611843468799e-11,1.8546842292060226,
T14,target,low-sensitivity,50,stress,2,0.03,0.1,numerical-zero,2.4309976167108937e-14,1.0201486056763749e-13,1.7971974496816605e-13,0.07770488440052856,,numerical-zero,2.4309976167108937e-14,1.0201486056763749e-13,1.7971974496816605e-13,0.07770488440052856,
