landscape_id,epsilon,region,first_order_absolute_relative_error,second_order_absolute_relative_error
B01,0.0001,numerical-control,0.000568920992145336,2.0674389715943475e-07
B01,0.0003,numerical-control,0.0017055241448305338,1.8618892637075976e-06
B01,0.001,confirmatory,0.00567065949264453,2.0734698037164605e-05
B01,0.003,confirmatory,0.016889189959527737,0.0001878458394957422
B01,0.01,confirmatory,0.054896047594981665,0.002138417488115592
B01,0.03,stress,0.1534388481013605,0.020861251773830122
B01,0.1,stress,0.4053067452054445,0.38020741212756987
B02,0.0001,numerical-control,0.0008874209081197424,1.1079921386659612e-07
B02,0.0003,numerical-control,0.002661592326804898,1.005176560465532e-06
B02,0.001,confirmatory,0.008863937074269539,1.1480912415628291e-05
B02,0.003,confirmatory,0.026517420493952327,0.0001114964753068313
B02,0.01,confirmatory,0.08731880544212782,0.001574058088226195
B02,0.03,stress,0.24847936310219076,0.024232162702366552
B02,0.1,stress,0.6240597690608818,0.23829958058367445
B03,0.0001,numerical-control,0.0008220945187239824,3.694615067398946e-07
B03,0.0003,numerical-control,0.002468472791644016,3.3048562570846537e-06
B03,0.001,confirmatory,0.008252887564629765,3.592919581177052e-05
B03,0.003,confirmatory,0.024947179180587614,0.00030288500489065296
B03,0.01,confirmatory,0.08452568738051645,0.0025638275075722
B03,0.03,stress,0.24931418418881943,0.0037115345699747196
B03,0.1,stress,0.6238016413698465,0.4358875887418465
B04,0.0001,numerical-control,0.0005488478466893907,1.2868858057202364e-07
B04,0.0003,numerical-control,0.0016457714865699183,1.159817436345609e-06
B04,0.001,confirmatory,0.005476885728188126,1.2950010551298875e-05
B04,0.003,confirmatory,0.016353046443028586,0.00011819406851523205
B04,0.01,confirmatory,0.053593532879235774,0.0013798649195774322
B04,0.03,stress,0.15270041198996434,0.014357028645382025
B04,0.1,stress,0.41607252777876536,0.29467184397160834
B05,0.0001,numerical-control,0.0011134734984844434,1.0587613871905705e-06
B05,0.0003,numerical-control,0.0033340912653516243,9.533851517342286e-06
B05,0.001,confirmatory,0.011040361812020274,0.00010613185902602007
B05,0.003,confirmatory,0.03250727278759831,0.0009607843277044446
B05,0.01,confirmatory,0.1017174031215648,0.010956883593698733
B05,0.03,stress,0.2593397206790156,0.11270285301890927
B05,0.1,stress,0.5678769867070979,2.7729759805109766
B06,0.0001,numerical-control,0.0003305889599096591,7.166596345206903e-08
B06,0.0003,numerical-control,0.0009913372541636885,6.451923838626601e-07
B06,0.001,confirmatory,0.0032994513583246387,7.178399576226206e-06
B06,0.003,confirmatory,0.009855606685833856,6.485472653858454e-05
B06,0.01,confirmatory,0.032359628188373145,0.0007305897540435109
B06,0.03,stress,0.09302052507921245,0.0068579519278838645
B06,0.1,stress,0.26871403711479985,0.09254881045812036
B07,0.0001,numerical-control,0.0005774068139311471,1.70925235511625e-07
B07,0.0003,numerical-control,0.0017311958345642084,1.539754751451672e-06
B07,0.001,confirmatory,0.005758711204916721,1.716433689494339e-05
B07,0.003,confirmatory,0.017174088201954617,0.00015594308859908528
B07,0.01,confirmatory,0.05606825030579895,0.0017930779094023628
B07,0.03,stress,0.1583936977495118,0.01799820211696325
B07,0.1,stress,0.42605201878865656,0.3587064420893003
B08,0.0001,numerical-control,0.00040936380163560527,1.8171845448114448e-07
B08,0.0003,numerical-control,0.0012291765508478504,1.6320816932957742e-06
B08,0.001,confirmatory,0.004109750858127185,1.8002947607836866e-05
B08,0.003,confirmatory,0.012432184513024629,0.0001586675042695234
B08,0.01,confirmatory,0.0424859584433229,0.0016346287828473602
B08,0.03,stress,0.13292763935127053,0.011596518646055903
B08,0.1,stress,0.4255730281578131,0.14119725402166053
B09,0.0001,numerical-control,0.0006153781659218318,7.980884627443471e-08
B09,0.0003,numerical-control,0.0018456537528840544,7.21355956093768e-07
B09,0.001,confirmatory,0.006146494898084123,8.13442235440413e-06
B09,0.003,confirmatory,0.018388882525574496,7.626335040331777e-05
B09,0.01,confirmatory,0.060640433547296986,0.0009647343583153462
B09,0.03,stress,0.1750702078194411,0.011733638032432086
B09,0.1,stress,0.48553734786447855,0.2470993833772838
B10,0.0001,numerical-control,0.00044685294550415763,8.257486313364048e-08
B10,0.0003,numerical-control,0.0013400634420105684,7.440059428925959e-07
B10,0.001,confirmatory,0.0044610928549784,8.299071133587852e-06
B10,0.003,confirmatory,0.01333354441739991,7.553283558747994e-05
B10,0.01,confirmatory,0.043859349514530556,0.0008732264188214984
B10,0.03,stress,0.12643037058207648,0.008834857902927448
B10,0.1,stress,0.3602714420166906,0.15669788759478961
B11,0.0001,numerical-control,0.0011710069296409068,6.314631881860844e-07
B11,0.0003,numerical-control,0.0035092343149566007,5.69867433624762e-06
B11,0.001,confirmatory,0.011653198906745111,6.392661133230198e-05
B11,0.003,confirmatory,0.03457855342880519,0.000591362020991431
B11,0.01,confirmatory,0.11076505982757112,0.0072478962906177705
B11,0.03,stress,0.2939744270900207,0.08869097429341677
B11,0.1,stress,0.6427964791188395,0.6568378831022194
B12,0.0001,numerical-control,0.0003033389432373024,7.223187667432298e-08
B12,0.0003,numerical-control,0.0009095838280560499,6.502233929852051e-07
B12,0.001,confirmatory,0.0030269039890075326,7.229478014782786e-06
B12,0.003,confirmatory,0.00903773780484418,6.519017386985445e-05
B12,0.01,confirmatory,0.029633782555777848,0.0007294655627813341
B12,0.03,stress,0.08491480655666392,0.0067202379462373936
B12,0.1,stress,0.24427106929474948,0.08489955613663426
B13,0.0001,numerical-control,0.0006030719486589051,3.110141931419827e-07
B13,0.0003,numerical-control,0.0018073555984310507,2.797791560859041e-06
B13,0.001,confirmatory,0.00600297960421874,3.103541001317122e-05
B13,0.003,confirmatory,0.017828441129897336,0.0002780757086277385
B13,0.01,confirmatory,0.05747154879914631,0.0030508092980768642
B13,0.03,stress,0.15874370691045722,0.027193564098970707
B13,0.1,stress,0.4302831285735286,0.13125037544827642
B14,0.0001,numerical-control,0.0009090110836542539,3.5009732970650615e-07
B14,0.0003,numerical-control,0.0027249339156483606,3.157285544558098e-06
B14,0.001,confirmatory,0.009058598602407366,3.533131291525281e-05
B14,0.003,confirmatory,0.026965182201333215,0.0003244962016133304
B14,0.01,confirmatory,0.08741712293510885,0.0038709746076358575
B14,0.03,stress,0.2413751141759944,0.04322538723726303
B14,0.1,stress,0.5957367390624904,0.28377685638517597
B15,0.0001,numerical-control,0.0005313492274091191,2.2973638917503538e-07
B15,0.0003,numerical-control,0.0015926715495306369,2.0682738467664957e-06
B15,0.001,confirmatory,0.0052929044522815015,2.300626088558507e-05
B15,0.003,confirmatory,0.015742948495512523,0.00020772949283903193
B15,0.01,confirmatory,0.05094523449067735,0.002336872895537751
B15,0.03,stress,0.1409751993981714,0.022008177565718105
B15,0.1,stress,0.369502602747728,0.3460053758184162
B16,0.0001,numerical-control,0.0006490783052358102,3.048227313685028e-07
B16,0.0003,numerical-control,0.0019454095330835087,2.7446038750782067e-06
B16,0.001,confirmatory,0.006463484655260748,3.0542985882215776e-05
B16,0.003,confirmatory,0.019210714519420462,0.00027615325754417377
B16,0.01,confirmatory,0.06201702717686689,0.0031241422927850144
B16,0.03,stress,0.1705412187526548,0.030146682571051266
B16,0.1,stress,0.4364032440735794,0.6074424327360369
