landscape_id,split,horizon,relative_error_level,first_order_radius,second_order_radius,first_order_radius_index,second_order_radius_index,radius_index_improvement
S01,source,1,0.01,0.1,0.1,6,6,0
S01,source,1,0.05,0.1,0.1,6,6,0
S01,source,1,0.1,0.1,0.1,6,6,0
S01,source,1,0.2,0.1,0.1,6,6,0
S01,source,5,0.01,0.001,0.03,2,5,3
S01,source,5,0.05,0.01,0.03,4,5,1
S01,source,5,0.1,0.01,0.1,4,6,2
S01,source,5,0.2,0.03,0.1,5,6,1
S01,source,20,0.01,0.0003,0.003,1,3,2
S01,source,20,0.05,0.001,0.01,2,4,2
S01,source,20,0.1,0.003,0.01,3,4,1
S01,source,20,0.2,0.01,0.03,4,5,1
S01,source,50,0.01,0.001,0.01,2,4,2
S01,source,50,0.05,0.003,0.03,3,5,2
S01,source,50,0.1,0.01,0.03,4,5,1
S01,source,50,0.2,0.01,0.03,4,5,1
S02,source,1,0.01,0.1,0.1,6,6,0
S02,source,1,0.05,0.1,0.1,6,6,0
S02,source,1,0.1,0.1,0.1,6,6,0
S02,source,1,0.2,0.1,0.1,6,6,0
S02,source,5,0.01,0.01,0.1,4,6,2
S02,source,5,0.05,0.1,0.1,6,6,0
S02,source,5,0.1,0.1,0.1,6,6,0
S02,source,5,0.2,0.1,0.1,6,6,0
S02,source,20,0.01,0.003,0.03,3,5,2
S02,source,20,0.05,0.01,0.1,4,6,2
S02,source,20,0.1,0.03,0.1,5,6,1
S02,source,20,0.2,0.1,0.1,6,6,0
S02,source,50,0.01,0.003,0.03,3,5,2
S02,source,50,0.05,0.01,0.1,4,6,2
S02,source,50,0.1,0.03,0.1,5,6,1
S02,source,50,0.2,0.03,0.1,5,6,1
S03,source,1,0.01,0.1,0.1,6,6,0
S03,source,1,0.05,0.1,0.1,6,6,0
S03,source,1,0.1,0.1,0.1,6,6,0
S03,source,1,0.2,0.1,0.1,6,6,0
S03,source,5,0.01,0.003,0.03,3,5,2
S03,source,5,0.05,0.01,0.1,4,6,2
S03,source,5,0.1,0.03,0.1,5,6,1
S03,source,5,0.2,0.1,0.1,6,6,0
S03,source,20,0.01,0.001,0.01,2,4,2
S03,source,20,0.05,0.003,0.01,3,4,1
S03,source,20,0.1,0.01,0.03,4,5,1
S03,source,20,0.2,0.01,0.03,4,5,1
S03,source,50,0.01,0.0003,0.003,1,3,2
S03,source,50,0.05,0.001,0.01,2,4,2
S03,source,50,0.1,0.003,0.01,3,4,1
S03,source,50,0.2,0.01,0.01,4,4,0
S04,source,1,0.01,0.1,0.1,6,6,0
S04,source,1,0.05,0.1,0.1,6,6,0
S04,source,1,0.1,0.1,0.1,6,6,0
S04,source,1,0.2,0.1,0.1,6,6,0
S04,source,5,0.01,0.003,0.1,3,6,3
S04,source,5,0.05,0.03,0.1,5,6,1
S04,source,5,0.1,0.03,0.1,5,6,1
S04,source,5,0.2,0.1,0.1,6,6,0
S04,source,20,0.01,0.001,0.01,2,4,2
S04,source,20,0.05,0.003,0.03,3,5,2
S04,source,20,0.1,0.01,0.03,4,5,1
S04,source,20,0.2,0.01,0.03,4,5,1
S04,source,50,0.01,0.0003,0.003,1,3,2
S04,source,50,0.05,0.001,0.003,2,3,1
S04,source,50,0.1,0.003,0.01,3,4,1
S04,source,50,0.2,0.003,0.01,3,4,1
S05,source,1,0.01,0.1,0.1,6,6,0
S05,source,1,0.05,0.1,0.1,6,6,0
S05,source,1,0.1,0.1,0.1,6,6,0
S05,source,1,0.2,0.1,0.1,6,6,0
S05,source,5,0.01,0.01,0.1,4,6,2
S05,source,5,0.05,0.03,0.1,5,6,1
S05,source,5,0.1,0.1,0.1,6,6,0
S05,source,5,0.2,0.1,0.1,6,6,0
S05,source,20,0.01,0.001,0.01,2,4,2
S05,source,20,0.05,0.003,0.03,3,5,2
S05,source,20,0.1,0.01,0.03,4,5,1
S05,source,20,0.2,0.03,0.03,5,5,0
S05,source,50,0.01,0.0003,0.003,1,3,2
S05,source,50,0.05,0.001,0.003,2,3,1
S05,source,50,0.1,0.003,0.01,3,4,1
S05,source,50,0.2,0.003,0.01,3,4,1
S06,source,1,0.01,0.1,0.1,6,6,0
S06,source,1,0.05,0.1,0.1,6,6,0
S06,source,1,0.1,0.1,0.1,6,6,0
S06,source,1,0.2,0.1,0.1,6,6,0
S06,source,5,0.01,0.003,0.1,3,6,3
S06,source,5,0.05,0.03,0.1,5,6,1
S06,source,5,0.1,0.03,0.1,5,6,1
S06,source,5,0.2,0.1,0.1,6,6,0
S06,source,20,0.01,0.001,0.01,2,4,2
S06,source,20,0.05,0.003,0.1,3,6,3
S06,source,20,0.1,0.01,0.1,4,6,2
S06,source,20,0.2,0.03,0.1,5,6,1
S06,source,50,0.01,0.0003,0.003,1,3,2
S06,source,50,0.05,0.003,0.03,3,5,2
S06,source,50,0.1,0.003,0.03,3,5,2
S06,source,50,0.2,0.01,0.03,4,5,1
S07,source,1,0.01,0.1,0.1,6,6,0
S07,source,1,0.05,0.1,0.1,6,6,0
S07,source,1,0.1,0.1,0.1,6,6,0
S07,source,1,0.2,0.1,0.1,6,6,0
S07,source,5,0.01,0.003,0.03,3,5,2
S07,source,5,0.05,0.01,0.1,4,6,2
S07,source,5,0.1,0.03,0.1,5,6,1
S07,source,5,0.2,0.1,0.1,6,6,0
S07,source,20,0.01,0.001,0.01,2,4,2
S07,source,20,0.05,0.003,0.01,3,4,1
S07,source,20,0.1,0.01,0.03,4,5,1
S07,source,20,0.2,0.01,0.03,4,5,1
S07,source,50,0.01,0.0003,0.003,1,3,2
S07,source,50,0.05,0.001,0.003,2,3,1
S07,source,50,0.1,0.003,0.01,3,4,1
S07,source,50,0.2,0.003,0.01,3,4,1
S08,source,1,0.01,0.1,0.1,6,6,0
S08,source,1,0.05,0.1,0.1,6,6,0
S08,source,1,0.1,0.1,0.1,6,6,0
S08,source,1,0.2,0.1,0.1,6,6,0
S08,source,5,0.01,0.003,0.03,3,5,2
S08,source,5,0.05,0.01,0.03,4,5,1
S08,source,5,0.1,0.03,0.1,5,6,1
S08,source,5,0.2,0.03,0.1,5,6,1
S08,source,20,0.01,0.0003,0.003,1,3,2
S08,source,20,0.05,0.003,0.01,3,4,1
S08,source,20,0.1,0.003,0.01,3,4,1
S08,source,20,0.2,0.01,0.01,4,4,0
S08,source,50,0.01,0.0003,0.003,1,3,2
S08,source,50,0.05,0.003,0.01,3,4,1
S08,source,50,0.1,0.003,0.01,3,4,1
S08,source,50,0.2,0.01,0.03,4,5,1
S09,source,1,0.01,0.1,0.1,6,6,0
S09,source,1,0.05,0.1,0.1,6,6,0
S09,source,1,0.1,0.1,0.1,6,6,0
S09,source,1,0.2,0.1,0.1,6,6,0
S09,source,5,0.01,0.01,0.1,4,6,2
S09,source,5,0.05,0.03,0.1,5,6,1
S09,source,5,0.1,0.1,0.1,6,6,0
S09,source,5,0.2,0.1,0.1,6,6,0
S09,source,20,0.01,0.003,0.1,3,6,3
S09,source,20,0.05,0.03,0.1,5,6,1
S09,source,20,0.1,0.03,0.1,5,6,1
S09,source,20,0.2,0.1,0.1,6,6,0
S09,source,50,0.01,0.003,0.03,3,5,2
S09,source,50,0.05,0.03,0.1,5,6,1
S09,source,50,0.1,0.03,0.1,5,6,1
S09,source,50,0.2,0.1,0.1,6,6,0
S10,source,1,0.01,0.1,0.1,6,6,0
S10,source,1,0.05,0.1,0.1,6,6,0
S10,source,1,0.1,0.1,0.1,6,6,0
S10,source,1,0.2,0.1,0.1,6,6,0
S10,source,5,0.01,0.003,0.1,3,6,3
S10,source,5,0.05,0.03,0.1,5,6,1
S10,source,5,0.1,0.03,0.1,5,6,1
S10,source,5,0.2,0.1,0.1,6,6,0
S10,source,20,0.01,0.001,0.01,2,4,2
S10,source,20,0.05,0.003,0.03,3,5,2
S10,source,20,0.1,0.01,0.03,4,5,1
S10,source,20,0.2,0.03,0.03,5,5,0
S10,source,50,0.01,0.0003,0.003,1,3,2
S10,source,50,0.05,0.003,0.01,3,4,1
S10,source,50,0.1,0.003,0.01,3,4,1
S10,source,50,0.2,0.01,0.03,4,5,1
S11,source,1,0.01,0.1,0.1,6,6,0
S11,source,1,0.05,0.1,0.1,6,6,0
S11,source,1,0.1,0.1,0.1,6,6,0
S11,source,1,0.2,0.1,0.1,6,6,0
S11,source,5,0.01,0.01,0.1,4,6,2
S11,source,5,0.05,0.1,0.1,6,6,0
S11,source,5,0.1,0.1,0.1,6,6,0
S11,source,5,0.2,0.1,0.1,6,6,0
S11,source,20,0.01,0.003,0.03,3,5,2
S11,source,20,0.05,0.01,0.1,4,6,2
S11,source,20,0.1,0.03,0.1,5,6,1
S11,source,20,0.2,0.1,0.1,6,6,0
S11,source,50,0.01,0.003,0.1,3,6,3
S11,source,50,0.05,0.01,0.1,4,6,2
S11,source,50,0.1,0.03,0.1,5,6,1
S11,source,50,0.2,0.03,0.1,5,6,1
S12,source,1,0.01,0.1,0.1,6,6,0
S12,source,1,0.05,0.1,0.1,6,6,0
S12,source,1,0.1,0.1,0.1,6,6,0
S12,source,1,0.2,0.1,0.1,6,6,0
S12,source,5,0.01,0.003,0.1,3,6,3
S12,source,5,0.05,0.03,0.1,5,6,1
S12,source,5,0.1,0.03,0.1,5,6,1
S12,source,5,0.2,0.1,0.1,6,6,0
S12,source,20,0.01,0.03,0.03,5,5,0
S12,source,20,0.05,0.1,0.03,6,5,-1
S12,source,20,0.1,0.1,0.03,6,5,-1
S12,source,20,0.2,0.1,0.03,6,5,-1
S12,source,50,0.01,0.003,0.03,3,5,2
S12,source,50,0.05,0.01,0.1,4,6,2
S12,source,50,0.1,0.03,0.1,5,6,1
S12,source,50,0.2,0.03,0.1,5,6,1
T01,target,1,0.01,0.1,0.1,6,6,0
T01,target,1,0.05,0.1,0.1,6,6,0
T01,target,1,0.1,0.1,0.1,6,6,0
T01,target,1,0.2,0.1,0.1,6,6,0
T01,target,5,0.01,0.003,0.1,3,6,3
T01,target,5,0.05,0.03,0.1,5,6,1
T01,target,5,0.1,0.03,0.1,5,6,1
T01,target,5,0.2,0.1,0.1,6,6,0
T01,target,20,0.01,0.003,0.03,3,5,2
T01,target,20,0.05,0.01,0.03,4,5,1
T01,target,20,0.1,0.03,0.1,5,6,1
T01,target,20,0.2,0.03,0.1,5,6,1
T01,target,50,0.01,0.003,0.03,3,5,2
T01,target,50,0.05,0.01,0.1,4,6,2
T01,target,50,0.1,0.03,0.1,5,6,1
T01,target,50,0.2,0.03,0.1,5,6,1
T02,target,1,0.01,0.1,0.1,6,6,0
T02,target,1,0.05,0.1,0.1,6,6,0
T02,target,1,0.1,0.1,0.1,6,6,0
T02,target,1,0.2,0.1,0.1,6,6,0
T02,target,5,0.01,0.01,0.1,4,6,2
T02,target,5,0.05,0.03,0.1,5,6,1
T02,target,5,0.1,0.1,0.1,6,6,0
T02,target,5,0.2,0.1,0.1,6,6,0
T02,target,20,0.01,0.001,0.03,2,5,3
T02,target,20,0.05,0.01,0.03,4,5,1
T02,target,20,0.1,0.01,0.03,4,5,1
T02,target,20,0.2,0.03,0.1,5,6,1
T02,target,50,0.01,0.001,0.01,2,4,2
T02,target,50,0.05,0.003,0.01,3,4,1
T02,target,50,0.1,0.01,0.1,4,6,2
T02,target,50,0.2,0.01,0.1,4,6,2
T03,target,1,0.01,0.1,0.1,6,6,0
T03,target,1,0.05,0.1,0.1,6,6,0
T03,target,1,0.1,0.1,0.1,6,6,0
T03,target,1,0.2,0.1,0.1,6,6,0
T03,target,5,0.01,0.003,0.03,3,5,2
T03,target,5,0.05,0.01,0.03,4,5,1
T03,target,5,0.1,0.03,0.1,5,6,1
T03,target,5,0.2,0.03,0.1,5,6,1
T03,target,20,0.01,0.0003,0.003,1,3,2
T03,target,20,0.05,0.003,0.01,3,4,1
T03,target,20,0.1,0.003,0.01,3,4,1
T03,target,20,0.2,0.01,0.1,4,6,2
T03,target,50,0.01,0.0003,0.003,1,3,2
T03,target,50,0.05,0.001,0.003,2,3,1
T03,target,50,0.1,0.003,0.01,3,4,1
T03,target,50,0.2,0.003,0.01,3,4,1
T04,target,1,0.01,0.1,0.1,6,6,0
T04,target,1,0.05,0.1,0.1,6,6,0
T04,target,1,0.1,0.1,0.1,6,6,0
T04,target,1,0.2,0.1,0.1,6,6,0
T04,target,5,0.01,0.003,0.03,3,5,2
T04,target,5,0.05,0.01,0.1,4,6,2
T04,target,5,0.1,0.03,0.1,5,6,1
T04,target,5,0.2,0.1,0.1,6,6,0
T04,target,20,0.01,0.001,0.01,2,4,2
T04,target,20,0.05,0.003,0.03,3,5,2
T04,target,20,0.1,0.01,0.03,4,5,1
T04,target,20,0.2,0.01,0.03,4,5,1
T04,target,50,0.01,0.0003,0.003,1,3,2
T04,target,50,0.05,0.001,0.01,2,4,2
T04,target,50,0.1,0.003,0.01,3,4,1
T04,target,50,0.2,0.01,0.01,4,4,0
T05,target,1,0.01,0.1,0.1,6,6,0
T05,target,1,0.05,0.1,0.1,6,6,0
T05,target,1,0.1,0.1,0.1,6,6,0
T05,target,1,0.2,0.1,0.1,6,6,0
T05,target,5,0.01,0.01,0.1,4,6,2
T05,target,5,0.05,0.1,0.1,6,6,0
T05,target,5,0.1,0.1,0.1,6,6,0
T05,target,5,0.2,0.1,0.1,6,6,0
T05,target,20,0.01,0.003,0.03,3,5,2
T05,target,20,0.05,0.01,0.1,4,6,2
T05,target,20,0.1,0.03,0.1,5,6,1
T05,target,20,0.2,0.1,0.1,6,6,0
T05,target,50,0.01,0.003,0.01,3,4,1
T05,target,50,0.05,0.01,0.03,4,5,1
T05,target,50,0.1,0.1,0.03,6,5,-1
T05,target,50,0.2,0.1,0.1,6,6,0
T06,target,1,0.01,0.1,0.1,6,6,0
T06,target,1,0.05,0.1,0.1,6,6,0
T06,target,1,0.1,0.1,0.1,6,6,0
T06,target,1,0.2,0.1,0.1,6,6,0
T06,target,5,0.01,0.003,0.03,3,5,2
T06,target,5,0.05,0.01,0.1,4,6,2
T06,target,5,0.1,0.03,0.1,5,6,1
T06,target,5,0.2,0.1,0.1,6,6,0
T06,target,20,0.01,0.001,0.01,2,4,2
T06,target,20,0.05,0.003,0.01,3,4,1
T06,target,20,0.1,0.01,0.03,4,5,1
T06,target,20,0.2,0.01,0.03,4,5,1
T06,target,50,0.01,0.0003,0.003,1,3,2
T06,target,50,0.05,0.001,0.01,2,4,2
T06,target,50,0.1,0.003,0.01,3,4,1
T06,target,50,0.2,0.003,0.01,3,4,1
T07,target,1,0.01,0.1,0.1,6,6,0
T07,target,1,0.05,0.1,0.1,6,6,0
T07,target,1,0.1,0.1,0.1,6,6,0
T07,target,1,0.2,0.1,0.1,6,6,0
T07,target,5,0.01,0.01,0.1,4,6,2
T07,target,5,0.05,0.03,0.1,5,6,1
T07,target,5,0.1,0.1,0.1,6,6,0
T07,target,5,0.2,0.1,0.1,6,6,0
T07,target,20,0.01,0.003,0.03,3,5,2
T07,target,20,0.05,0.01,0.1,4,6,2
T07,target,20,0.1,0.03,0.1,5,6,1
T07,target,20,0.2,0.03,0.1,5,6,1
T07,target,50,0.01,0.003,0.03,3,5,2
T07,target,50,0.05,0.01,0.1,4,6,2
T07,target,50,0.1,0.03,0.1,5,6,1
T07,target,50,0.2,0.03,0.1,5,6,1
T08,target,1,0.01,0.1,0.1,6,6,0
T08,target,1,0.05,0.1,0.1,6,6,0
T08,target,1,0.1,0.1,0.1,6,6,0
T08,target,1,0.2,0.1,0.1,6,6,0
T08,target,5,0.01,0.003,0.03,3,5,2
T08,target,5,0.05,0.01,0.03,4,5,1
T08,target,5,0.1,0.03,0.1,5,6,1
T08,target,5,0.2,0.03,0.1,5,6,1
T08,target,20,0.01,0.0003,0.003,1,3,2
T08,target,20,0.05,0.003,0.01,3,4,1
T08,target,20,0.1,0.003,0.01,3,4,1
T08,target,20,0.2,0.01,0.03,4,5,1
T08,target,50,0.01,0.0001,0.001,0,2,2
T08,target,50,0.05,0.001,0.003,2,3,1
T08,target,50,0.1,0.001,0.003,2,3,1
T08,target,50,0.2,0.003,0.01,3,4,1
T09,target,1,0.01,0.1,0.1,6,6,0
T09,target,1,0.05,0.1,0.1,6,6,0
T09,target,1,0.1,0.1,0.1,6,6,0
T09,target,1,0.2,0.1,0.1,6,6,0
T09,target,5,0.01,0.01,0.1,4,6,2
T09,target,5,0.05,0.03,0.1,5,6,1
T09,target,5,0.1,0.1,0.1,6,6,0
T09,target,5,0.2,0.1,0.1,6,6,0
T09,target,20,0.01,0.003,0.1,3,6,3
T09,target,20,0.05,0.01,0.1,4,6,2
T09,target,20,0.1,0.03,0.1,5,6,1
T09,target,20,0.2,0.1,0.1,6,6,0
T09,target,50,0.01,0.003,0.03,3,5,2
T09,target,50,0.05,0.01,0.1,4,6,2
T09,target,50,0.1,0.03,0.1,5,6,1
T09,target,50,0.2,0.1,0.1,6,6,0
T10,target,1,0.01,0.1,0.1,6,6,0
T10,target,1,0.05,0.1,0.1,6,6,0
T10,target,1,0.1,0.1,0.1,6,6,0
T10,target,1,0.2,0.1,0.1,6,6,0
T10,target,5,0.01,0.003,0.1,3,6,3
T10,target,5,0.05,0.03,0.1,5,6,1
T10,target,5,0.1,0.1,0.1,6,6,0
T10,target,5,0.2,0.1,0.1,6,6,0
T10,target,20,0.01,0.001,0.01,2,4,2
T10,target,20,0.05,0.01,0.03,4,5,1
T10,target,20,0.1,0.01,0.03,4,5,1
T10,target,20,0.2,0.03,0.03,5,5,0
T10,target,50,0.01,0.0003,0.003,1,3,2
T10,target,50,0.05,0.003,0.01,3,4,1
T10,target,50,0.1,0.003,0.01,3,4,1
T10,target,50,0.2,0.01,0.03,4,5,1
T11,target,1,0.01,0.1,0.1,6,6,0
T11,target,1,0.05,0.1,0.1,6,6,0
T11,target,1,0.1,0.1,0.1,6,6,0
T11,target,1,0.2,0.1,0.1,6,6,0
T11,target,5,0.01,0.01,0.1,4,6,2
T11,target,5,0.05,0.1,0.1,6,6,0
T11,target,5,0.1,0.1,0.1,6,6,0
T11,target,5,0.2,0.1,0.1,6,6,0
T11,target,20,0.01,0.003,0.1,3,6,3
T11,target,20,0.05,0.03,0.1,5,6,1
T11,target,20,0.1,0.03,0.1,5,6,1
T11,target,20,0.2,0.1,0.1,6,6,0
T11,target,50,0.01,0.003,0.1,3,6,3
T11,target,50,0.05,0.01,0.1,4,6,2
T11,target,50,0.1,0.03,0.1,5,6,1
T11,target,50,0.2,0.03,0.1,5,6,1
T12,target,1,0.01,0.1,0.1,6,6,0
T12,target,1,0.05,0.1,0.1,6,6,0
T12,target,1,0.1,0.1,0.1,6,6,0
T12,target,1,0.2,0.1,0.1,6,6,0
T12,target,5,0.01,0.003,0.03,3,5,2
T12,target,5,0.05,0.01,0.1,4,6,2
T12,target,5,0.1,0.03,0.1,5,6,1
T12,target,5,0.2,0.03,0.1,5,6,1
T12,target,20,0.01,0.0003,0.003,1,3,2
T12,target,20,0.05,0.001,0.01,2,4,2
T12,target,20,0.1,0.003,0.01,3,4,1
T12,target,20,0.2,0.01,0.01,4,4,0
T12,target,50,0.01,,0.0003,-1,1,2
T12,target,50,0.05,0.0001,0.0003,0,1,1
T12,target,50,0.1,0.0003,0.001,1,2,1
T12,target,50,0.2,0.0003,0.001,1,2,1
