landscape_id,split,stratum,horizon,first_order_l1_coefficient,second_order_l1_coefficient,zero_first_derivative_coordinates,zero_first_derivative_coordinate_count,second_derivative_l1_norm,state_oracle_max_absolute_error,first_oracle_max_absolute_error,second_oracle_max_absolute_error
S01,source,regular-sensitivity,1,0.447295975280539,0.0,[],0,0.0,2.220446049250313e-16,4.440892098500626e-15,2.2737367544323206e-13
S01,source,regular-sensitivity,5,1.7057443238824315,-6.134531296569922,[],0,12.269062593139845,2.220446049250313e-16,4.440892098500626e-15,2.2737367544323206e-13
S01,source,regular-sensitivity,20,1.6178839578693451,31.917206708380654,[],0,63.83441341676131,2.220446049250313e-16,4.440892098500626e-15,2.2737367544323206e-13
S01,source,regular-sensitivity,50,21.689411307414396,-188.21456553667446,[],0,376.4291310733489,2.220446049250313e-16,4.440892098500626e-15,2.2737367544323206e-13
S02,source,regular-sensitivity,1,0.01254900895379285,0.0,[],0,0.0,3.3306690738754696e-16,1.3322676295501878e-15,1.7763568394002505e-14
S02,source,regular-sensitivity,5,0.19365382852136104,-0.08583866074188085,[],0,0.21762372398133373,3.3306690738754696e-16,1.3322676295501878e-15,1.7763568394002505e-14
S02,source,regular-sensitivity,20,2.5537390387812984,-4.611452027215641,[],0,12.658985142227714,3.3306690738754696e-16,1.3322676295501878e-15,1.7763568394002505e-14
S02,source,regular-sensitivity,50,8.127397814572994,-18.693096394658102,[],0,71.94765312552094,3.3306690738754696e-16,1.3322676295501878e-15,1.7763568394002505e-14
S03,source,regular-sensitivity,1,0.736128431726147,0.0,[],0,0.0,3.3306690738754696e-16,6.217248937900877e-15,3.979039320256561e-13
S03,source,regular-sensitivity,5,3.680524581586109,-7.2399170012986565,[],0,14.479834002597313,3.3306690738754696e-16,6.217248937900877e-15,3.979039320256561e-13
S03,source,regular-sensitivity,20,14.686808254627987,-130.61246627182072,[],0,261.22493254364144,3.3306690738754696e-16,6.217248937900877e-15,3.979039320256561e-13
S03,source,regular-sensitivity,50,36.19249854312967,-750.9208157622612,[],0,1501.8416315245224,3.3306690738754696e-16,6.217248937900877e-15,3.979039320256561e-13
S04,source,regular-sensitivity,1,0.5294438569592275,0.0,[],0,0.0,1.6653345369377348e-16,7.105427357601002e-15,2.2737367544323206e-13
S04,source,regular-sensitivity,5,2.6816143341546557,-3.34028362798282,[],0,6.68056725596564,1.6653345369377348e-16,7.105427357601002e-15,2.2737367544323206e-13
S04,source,regular-sensitivity,20,9.888674129278309,-77.8750008375737,[],0,155.7500016751474,1.6653345369377348e-16,7.105427357601002e-15,2.2737367544323206e-13
S04,source,regular-sensitivity,50,20.085123220194472,-530.9415247879889,[],0,1061.8830495759778,1.6653345369377348e-16,7.105427357601002e-15,2.2737367544323206e-13
S05,source,regular-sensitivity,1,0.44713082550447797,0.0,[],0,0.0,3.3306690738754696e-16,2.7533531010703882e-14,3.0269120543380268e-12
S05,source,regular-sensitivity,5,2.4188501939298366,-1.5900058919764457,[],0,5.090122769961817,3.3306690738754696e-16,2.7533531010703882e-14,3.0269120543380268e-12
S05,source,regular-sensitivity,20,12.731449866302427,-65.54642577914228,[],0,171.6454619873582,3.3306690738754696e-16,2.7533531010703882e-14,3.0269120543380268e-12
S05,source,regular-sensitivity,50,51.6102896557736,-1558.0526917783313,[],0,3363.1825699800283,3.3306690738754696e-16,2.7533531010703882e-14,3.0269120543380268e-12
S06,source,regular-sensitivity,1,0.23333333333333334,0.0,[],0,0.0,0.0,6.217248937900877e-15,2.5579538487363607e-13
S06,source,regular-sensitivity,5,1.1666666666666667,-1.3000000000000003,[],0,2.6000000000000005,0.0,6.217248937900877e-15,2.5579538487363607e-13
S06,source,regular-sensitivity,20,4.66666666666667,-24.700000000000017,[],0,49.400000000000034,0.0,6.217248937900877e-15,2.5579538487363607e-13
S06,source,regular-sensitivity,50,11.66666666666667,-159.25000000000023,[],0,318.50000000000045,0.0,6.217248937900877e-15,2.5579538487363607e-13
S07,source,regular-sensitivity,1,0.3328198199901298,0.0,[],0,0.0,2.7755575615628914e-16,6.217248937900877e-15,5.115907697472721e-13
S07,source,regular-sensitivity,5,1.6677192828602525,-3.3622684225324813,[],0,6.7245368450649625,2.7755575615628914e-16,6.217248937900877e-15,5.115907697472721e-13
S07,source,regular-sensitivity,20,6.664188435156811,-65.34941527323912,[],0,130.69883054647823,2.7755575615628914e-16,6.217248937900877e-15,5.115907697472721e-13
S07,source,regular-sensitivity,50,15.857501875048406,-421.86014888760144,[],0,843.7202977752029,2.7755575615628914e-16,6.217248937900877e-15,5.115907697472721e-13
S08,source,regular-sensitivity,1,1.0626488487478591,0.0,[],0,0.0,2.220446049250313e-16,7.105427357601002e-15,7.958078640513122e-13
S08,source,regular-sensitivity,5,4.982192459666486,-16.341385466197103,[],0,32.682770932394206,2.220446049250313e-16,7.105427357601002e-15,7.958078640513122e-13
S08,source,regular-sensitivity,20,12.601610872340792,-187.3806109123692,[],0,422.7920170262491,2.220446049250313e-16,7.105427357601002e-15,7.958078640513122e-13
S08,source,regular-sensitivity,50,27.815712561163913,-380.0726327656589,[],0,849.5257463729517,2.220446049250313e-16,7.105427357601002e-15,7.958078640513122e-13
S09,source,regular-sensitivity,1,0.3831445040706417,0.0,[],0,0.0,1.1102230246251565e-16,1.7763568394002505e-15,3.552713678800501e-14
S09,source,regular-sensitivity,5,1.8193962822118634,-1.5275322654014256,[],0,3.0550645308028512,1.1102230246251565e-16,1.7763568394002505e-15,3.552713678800501e-14
S09,source,regular-sensitivity,20,5.532251707330355,-15.216973032214014,[],0,30.433946064428028,1.1102230246251565e-16,1.7763568394002505e-15,3.552713678800501e-14
S09,source,regular-sensitivity,50,7.854930208506198,-11.240983625309575,[],0,58.400475434431,1.1102230246251565e-16,1.7763568394002505e-15,3.552713678800501e-14
S10,source,regular-sensitivity,1,0.8801337112910117,0.0,[],0,0.0,1.1102230246251565e-16,1.0658141036401503e-14,4.547473508864641e-13
S10,source,regular-sensitivity,5,4.329687435215517,-5.006544124882553,[],0,11.685834537074413,1.1102230246251565e-16,1.0658141036401503e-14,4.547473508864641e-13
S10,source,regular-sensitivity,20,16.455415247612244,-89.66168364172151,[],0,210.50814741521947,1.1102230246251565e-16,1.0658141036401503e-14,4.547473508864641e-13
S10,source,regular-sensitivity,50,38.44020190207137,-544.7675109805227,[],0,1262.7475339456375,1.1102230246251565e-16,1.0658141036401503e-14,4.547473508864641e-13
S11,source,regular-sensitivity,1,0.01665972598167903,0.0,[],0,0.0,2.220446049250313e-16,3.1086244689504383e-15,2.4868995751603507e-14
S11,source,regular-sensitivity,5,0.25351544766357514,-0.1244187702382394,[],0,0.2653887681731574,2.220446049250313e-16,3.1086244689504383e-15,2.4868995751603507e-14
S11,source,regular-sensitivity,20,3.007548228010177,-5.653613336854747,[],0,14.54583262094436,2.220446049250313e-16,3.1086244689504383e-15,2.4868995751603507e-14
S11,source,regular-sensitivity,50,8.235579860443863,-20.402073609308772,[],0,71.33551034528172,2.220446049250313e-16,3.1086244689504383e-15,2.4868995751603507e-14
S12,source,regular-sensitivity,1,0.16513946324558954,0.0,[],0,0.0,2.220446049250313e-16,8.881784197001252e-16,1.5987211554602254e-14
S12,source,regular-sensitivity,5,0.6861551110756858,-0.8266479520493234,[],0,1.705107529344666,2.220446049250313e-16,8.881784197001252e-16,1.5987211554602254e-14
S12,source,regular-sensitivity,20,0.7516119506864213,-0.012695531441663466,[],0,13.170368606452115,2.220446049250313e-16,8.881784197001252e-16,1.5987211554602254e-14
S12,source,regular-sensitivity,50,7.157227687307666,-15.756967842414934,[],0,37.8568746135141,2.220446049250313e-16,8.881784197001252e-16,1.5987211554602254e-14
S13,source,analytic-zero,1,0.0,0.0,"[0,1,2]",3,0.0,0.0,0.0,0.0
S13,source,analytic-zero,5,0.0,0.0,"[0,1,2]",3,0.0,0.0,0.0,0.0
S13,source,analytic-zero,20,0.0,0.0,"[0,1,2]",3,0.0,0.0,0.0,0.0
S13,source,analytic-zero,50,0.0,0.0,"[0,1,2]",3,0.0,0.0,0.0,0.0
S14,source,low-sensitivity,1,9.894972513241147e-14,0.0,[1],1,0.0,1.1102230246251565e-16,2.433113800317447e-17,1.785901861794667e-28
S14,source,low-sensitivity,5,4.851131766223334e-13,-2.9579762359904793e-25,[],0,5.915952471980959e-25,1.1102230246251565e-16,2.433113800317447e-17,1.785901861794667e-28
S14,source,low-sensitivity,20,1.7895488687766888e-12,-5.421846916893956e-24,[],0,1.0843693833787911e-23,1.1102230246251565e-16,2.433113800317447e-17,1.785901861794667e-28
S14,source,low-sensitivity,50,3.657150675069549e-12,-3.1507462519492597e-23,[],0,6.301492503898519e-23,1.1102230246251565e-16,2.433113800317447e-17,1.785901861794667e-28
T01,target,regular-sensitivity,1,0.07472514836433938,0.0,[],0,0.0,3.3306690738754696e-16,1.7763568394002505e-15,3.552713678800501e-14
T01,target,regular-sensitivity,5,0.4758777048520966,-0.506925864681437,[],0,1.013851729362874,3.3306690738754696e-16,1.7763568394002505e-15,3.552713678800501e-14
T01,target,regular-sensitivity,20,2.668202301435618,-7.478578478948617,[],0,14.957156957897235,3.3306690738754696e-16,1.7763568394002505e-15,3.552713678800501e-14
T01,target,regular-sensitivity,50,7.907868140669987,-23.948586837413018,[],0,47.897173674826035,3.3306690738754696e-16,1.7763568394002505e-15,3.552713678800501e-14
T02,target,regular-sensitivity,1,0.25112424316991555,0.0,[],0,0.0,2.220446049250313e-16,5.329070518200751e-15,5.684341886080802e-14
T02,target,regular-sensitivity,5,1.2631649029989296,-1.0126228467472784,[],0,2.025245693494557,2.220446049250313e-16,5.329070518200751e-15,5.684341886080802e-14
T02,target,regular-sensitivity,20,5.155208288707014,-19.633036541685712,[],0,39.266073083371424,2.220446049250313e-16,5.329070518200751e-15,5.684341886080802e-14
T02,target,regular-sensitivity,50,13.271909901796777,-128.85541031147267,[],0,257.71082062294533,2.220446049250313e-16,5.329070518200751e-15,5.684341886080802e-14
T03,target,regular-sensitivity,1,0.8267271604688728,0.0,[],0,0.0,2.220446049250313e-16,1.4210854715202004e-14,9.094947017729282e-13
T03,target,regular-sensitivity,5,4.454411366732167,-12.989471866129497,[],0,25.978943732258994,2.220446049250313e-16,1.4210854715202004e-14,9.094947017729282e-13
T03,target,regular-sensitivity,20,20.80752190945781,-265.1367945653212,[],0,530.2735891306424,2.220446049250313e-16,1.4210854715202004e-14,9.094947017729282e-13
T03,target,regular-sensitivity,50,53.01064137200179,-1491.3299862264334,[],0,2982.659972452867,2.220446049250313e-16,1.4210854715202004e-14,9.094947017729282e-13
T04,target,regular-sensitivity,1,0.9377144447055981,0.0,[],0,0.0,2.220446049250313e-16,1.7763568394002505e-14,9.094947017729282e-13
T04,target,regular-sensitivity,5,4.666060247739626,-9.069742306666514,[],0,18.13948461333303,2.220446049250313e-16,1.7763568394002505e-14,9.094947017729282e-13
T04,target,regular-sensitivity,20,18.212886220597927,-154.07041253808023,[],0,308.14082507616047,2.220446049250313e-16,1.7763568394002505e-14,9.094947017729282e-13
T04,target,regular-sensitivity,50,42.31658878712781,-769.9091470194938,[],0,1539.8182940389877,2.220446049250313e-16,1.7763568394002505e-14,9.094947017729282e-13
T05,target,regular-sensitivity,1,0.01665972598167903,0.0,[],0,0.0,3.3306690738754696e-16,1.5543122344752192e-15,1.7763568394002505e-14
T05,target,regular-sensitivity,5,0.2372775016895502,-0.116449609826507,[],0,0.232899219653014,3.3306690738754696e-16,1.5543122344752192e-15,1.7763568394002505e-14
T05,target,regular-sensitivity,20,2.245129387349434,-4.2204122710547995,[],0,8.440824542109599,3.3306690738754696e-16,1.5543122344752192e-15,1.7763568394002505e-14
T05,target,regular-sensitivity,50,4.708319617758285,-11.663961135151908,[],0,33.756312103863905,3.3306690738754696e-16,1.5543122344752192e-15,1.7763568394002505e-14
T06,target,regular-sensitivity,1,0.3333333333333333,0.0,[],0,0.0,0.0,7.105427357601002e-15,5.115907697472721e-13
T06,target,regular-sensitivity,5,1.6666666666666665,-3.3333333333333326,[],0,6.666666666666665,0.0,7.105427357601002e-15,5.115907697472721e-13
T06,target,regular-sensitivity,20,6.666666666666664,-63.33333333333333,[],0,126.66666666666666,0.0,7.105427357601002e-15,5.115907697472721e-13
T06,target,regular-sensitivity,50,16.66666666666666,-408.3333333333333,[],0,816.6666666666666,0.0,7.105427357601002e-15,5.115907697472721e-13
T07,target,regular-sensitivity,1,0.5269727267029053,0.0,[],0,0.0,2.220446049250313e-16,3.552713678800501e-15,1.0658141036401503e-13
T07,target,regular-sensitivity,5,2.4907823459035083,-1.9544200178796018,[],0,3.9088400357592037,2.220446049250313e-16,3.552713678800501e-15,1.0658141036401503e-13
T07,target,regular-sensitivity,20,7.701443790578784,-17.627404799819065,[],0,35.25480959963813,2.220446049250313e-16,3.552713678800501e-15,1.0658141036401503e-13
T07,target,regular-sensitivity,50,11.430959821312907,-31.507026284689736,[],0,63.01405256937947,2.220446049250313e-16,3.552713678800501e-15,1.0658141036401503e-13
T08,target,regular-sensitivity,1,0.7950445009252174,0.0,[],0,0.0,3.3306690738754696e-16,1.7763568394002505e-14,9.094947017729282e-13
T08,target,regular-sensitivity,5,3.943095573075518,-12.010709734902886,[],0,24.02141946980577,3.3306690738754696e-16,1.7763568394002505e-14,9.094947017729282e-13
T08,target,regular-sensitivity,20,15.23653145232657,-230.18746222674864,[],0,460.3749244534973,3.3306690738754696e-16,1.7763568394002505e-14,9.094947017729282e-13
T08,target,regular-sensitivity,50,34.78624193406296,-1475.2820934746956,[],0,2950.564186949391,3.3306690738754696e-16,1.7763568394002505e-14,9.094947017729282e-13
T09,target,regular-sensitivity,1,0.23490112737051153,0.0,[],0,0.0,2.220446049250313e-16,2.6645352591003757e-15,7.993605777301127e-14
T09,target,regular-sensitivity,5,1.2214178726325686,-0.9180648136549093,[],0,1.8361296273098187,2.220446049250313e-16,2.6645352591003757e-15,7.993605777301127e-14
T09,target,regular-sensitivity,20,4.717127327704444,-8.987740618104858,[],0,23.869532798607715,2.220446049250313e-16,2.6645352591003757e-15,7.993605777301127e-14
T09,target,regular-sensitivity,50,7.694484913404585,-12.851802455505146,[],0,57.10244826296195,2.220446049250313e-16,2.6645352591003757e-15,7.993605777301127e-14
T10,target,regular-sensitivity,1,0.3711829419533299,0.0,[],0,0.0,2.220446049250313e-16,5.329070518200751e-15,1.4210854715202004e-13
T10,target,regular-sensitivity,5,1.8765684041839248,-1.903146022942187,[],0,4.234627618720003,2.220446049250313e-16,5.329070518200751e-15,1.4210854715202004e-13
T10,target,regular-sensitivity,20,7.671865557905107,-36.53672947434798,[],0,81.4720186911122,2.220446049250313e-16,5.329070518200751e-15,1.4210854715202004e-13
T10,target,regular-sensitivity,50,19.07157810845073,-232.35071599169686,[],0,519.4771992746757,2.220446049250313e-16,5.329070518200751e-15,1.4210854715202004e-13
T11,target,regular-sensitivity,1,0.38199111658489737,0.0,[],0,0.0,1.1102230246251565e-16,2.6645352591003757e-15,4.263256414560601e-14
T11,target,regular-sensitivity,5,1.838767864264389,-0.8957091860306073,[],0,3.088455002048457,1.1102230246251565e-16,2.6645352591003757e-15,4.263256414560601e-14
T11,target,regular-sensitivity,20,5.950434629933982,-9.4000697232999,[],0,34.821524376084426,1.1102230246251565e-16,2.6645352591003757e-15,4.263256414560601e-14
T11,target,regular-sensitivity,50,9.25569410728695,-20.55751017558228,[],0,82.12459336627778,1.1102230246251565e-16,2.6645352591003757e-15,4.263256414560601e-14
T12,target,regular-sensitivity,1,1.1272876815686077,0.0,[],0,0.0,2.220446049250313e-16,1.1368683772161603e-13,5.820766091346741e-11
T12,target,regular-sensitivity,5,6.307032567294687,-15.21778224592295,[],0,30.4355644918459,2.220446049250313e-16,1.1368683772161603e-13,5.820766091346741e-11
T12,target,regular-sensitivity,20,41.464013809159866,-924.0539723897584,[],0,1848.1079447795169,2.220446049250313e-16,1.1368683772161603e-13,5.820766091346741e-11
T12,target,regular-sensitivity,50,484.3315856647335,-139427.89657636097,[],0,278855.79315272195,2.220446049250313e-16,1.1368683772161603e-13,5.820766091346741e-11
T13,target,analytic-zero,1,0.0,0.0,"[0,1,2]",3,0.0,0.0,0.0,0.0
T13,target,analytic-zero,5,0.0,0.0,"[0,1,2]",3,0.0,0.0,0.0,0.0
T13,target,analytic-zero,20,0.0,0.0,"[0,1,2]",3,0.0,0.0,0.0,0.0
T13,target,analytic-zero,50,0.0,0.0,"[0,1,2]",3,0.0,0.0,0.0,0.0
T14,target,low-sensitivity,1,1.5890824969900514e-13,0.0,[2],1,0.0,4.440892098500626e-16,2.921188334515914e-17,3.6822507587973972e-28
T14,target,low-sensitivity,5,7.918567992166798e-13,-4.86177761806867e-25,[],0,9.72355523613734e-25,4.440892098500626e-16,2.921188334515914e-17,3.6822507587973972e-28
T14,target,low-sensitivity,20,3.1116203249155438e-12,-9.70185633892245e-24,[],0,1.94037126778449e-23,4.440892098500626e-16,2.921188334515914e-17,3.6822507587973972e-28
T14,target,low-sensitivity,50,7.540424231686602e-12,-7.100895048419257e-23,[],0,1.4201790096838515e-22,4.440892098500626e-16,2.921188334515914e-17,3.6822507587973972e-28
